order_id,customer_id,order_date,status,payment_method
ORD00001,CUST0362,2023-05-26,Shipped,Debit Card
ORD00002,CUST0016,2024-09-11,Shipped,PayPal
ORD00003,CUST0121,2024-09-17,Completed,PayPal
ORD00004,CUST0259,2024-07-23,Processing,Debit Card
ORD00005,CUST0148,2024-07-02,Processing,PayPal
ORD00006,CUST0093,2024-05-11,Processing,PayPal
ORD00007,CUST0131,2023-11-07,Processing,Credit Card
ORD00008,CUST0380,2024-04-25,Shipped,Debit Card
ORD00009,CUST0050,2023-02-09,Processing,Apple Pay
ORD00011,CUST0183,2023-07-04,Completed,Credit Card
ORD00012,CUST0183,2022-05-08,Processing,Debit Card
ORD00013,CUST0282,2022-11-27,Completed,Credit Card
ORD00014,CUST0446,2024-07-27,Processing,Apple Pay
ORD00015,CUST0060,2024-06-06,Processing,Debit Card
ORD00016,CUST0010,2023-06-30,Cancelled,Credit Card
ORD00017,CUST0133,2024-04-25,Cancelled,Apple Pay
ORD00018,CUST0201,2024-10-14,Completed,Apple Pay
ORD00019,CUST0060,2024-07-15,Shipped,Debit Card
ORD00020,CUST0030,2024-04-06,Shipped,PayPal
ORD00021,CUST0058,2024-08-29,Completed,Apple Pay
ORD00022,CUST0392,2024-08-15,Shipped,Apple Pay
ORD00023,CUST0211,2023-12-17,Completed,Apple Pay
ORD00024,CUST0301,2022-12-03,Processing,Debit Card
ORD00025,CUST0240,2024-09-24,Completed,Credit Card
ORD00026,CUST0353,2024-02-14,Cancelled,Debit Card
ORD00027,CUST0368,2024-10-06,Processing,Credit Card
ORD00028,CUST0212,2024-09-27,Cancelled,PayPal
ORD00029,CUST0253,2024-09-29,Completed,Credit Card
ORD00030,CUST0460,2024-07-28,Processing,Debit Card
ORD00031,CUST0007,2024-11-30,Completed,Debit Card
ORD00032,CUST0449,2024-10-01,Completed,PayPal
ORD00033,CUST0313,2022-11-14,Completed,Debit Card
ORD00034,CUST0449,2024-05-15,Completed,Debit Card
ORD00035,CUST0339,2023-08-30,Completed,Credit Card
ORD00036,CUST0351,2022-04-25,Shipped,Apple Pay
ORD00037,CUST0312,2024-02-25,Completed,Apple Pay
ORD00038,CUST0072,2024-03-10,Completed,Apple Pay
ORD00039,CUST0091,2022-11-26,Completed,PayPal
ORD00040,CUST0179,2023-11-07,Processing,Credit Card
ORD00041,CUST0011,2024-03-07,Completed,Debit Card
ORD00042,CUST0205,2024-06-25,Completed,Credit Card
ORD00043,CUST0252,2022-08-17,Cancelled,Apple Pay
ORD00044,CUST0335,2024-11-27,Shipped,PayPal
ORD00045,CUST0350,2024-07-17,Shipped,Apple Pay
ORD00046,CUST0119,2024-12-28,Processing,Credit Card
ORD00047,CUST0459,2024-09-30,Processing,Apple Pay
ORD00048,CUST0235,2023-01-07,Completed,Debit Card
ORD00049,CUST0062,2023-10-07,Completed,Credit Card
ORD00050,CUST0369,2024-11-22,Cancelled,Apple Pay
ORD00051,CUST0122,2024-03-27,Shipped,Debit Card
ORD00052,CUST0090,2024-03-26,Completed,Credit Card
ORD00053,CUST0042,2024-05-23,Completed,Debit Card
ORD00054,CUST0277,2024-02-20,Completed,PayPal
ORD00055,CUST0211,2024-07-31,Processing,Debit Card
ORD00056,CUST0097,2024-10-29,Completed,Debit Card
ORD00057,CUST0307,2023-07-29,Shipped,Debit Card
ORD00058,CUST0167,2024-10-29,Completed,Apple Pay
ORD00059,CUST0123,2024-10-19,Shipped,Apple Pay
ORD00060,CUST0081,2022-11-02,Completed,Credit Card
ORD00061,CUST0091,2022-09-08,Processing,Credit Card
ORD00063,CUST0204,2022-06-26,Completed,Debit Card
ORD00064,CUST0286,2024-11-05,Processing,Debit Card
ORD00065,CUST0323,2023-08-14,Cancelled,Debit Card
ORD00066,CUST0130,2024-02-10,Completed,Apple Pay
ORD00068,CUST0407,2024-10-12,Completed,Debit Card
ORD00069,CUST0257,2024-06-20,Processing,Debit Card
ORD00070,CUST0088,2024-12-08,Completed,Apple Pay
ORD00071,CUST0151,2024-01-02,Shipped,Credit Card
ORD00072,CUST0160,2024-06-12,Shipped,Apple Pay
ORD00073,CUST0126,2024-09-29,Processing,PayPal
ORD00074,CUST0228,2024-07-16,Completed,Apple Pay
ORD00075,CUST0288,2024-08-11,Shipped,Debit Card
ORD00076,CUST0177,2024-01-16,Completed,Apple Pay
ORD00077,CUST0334,2024-09-28,Processing,Apple Pay
ORD00078,CUST0498,2024-09-14,Completed,Debit Card
ORD00079,CUST0393,2024-03-04,Cancelled,Apple Pay
ORD00080,CUST0343,2023-04-05,Cancelled,PayPal
ORD00081,CUST0444,2024-07-22,Completed,Debit Card
ORD00082,CUST0344,2024-11-03,Completed,Apple Pay
ORD00084,CUST0232,2023-11-24,Cancelled,Credit Card
ORD00085,CUST0001,2024-05-13,Completed,PayPal
ORD00086,CUST0409,2024-08-07,Completed,Debit Card
ORD00087,CUST0332,2024-12-08,Completed,Credit Card
ORD00088,CUST0064,2024-12-28,Completed,Credit Card
ORD00089,CUST0148,2024-07-26,Cancelled,Debit Card
ORD00090,CUST0231,2024-11-28,Processing,Credit Card
ORD00091,CUST0444,2022-04-07,Completed,Debit Card
ORD00092,CUST0368,2024-09-21,Processing,PayPal
ORD00093,CUST0343,2024-05-05,Completed,PayPal
ORD00094,CUST0019,2023-05-19,Completed,PayPal
ORD00096,CUST0434,2024-08-19,Completed,Credit Card
ORD00097,CUST0092,2024-07-22,Processing,Debit Card
ORD00098,CUST0183,2023-05-16,Completed,Debit Card
ORD00099,CUST0137,2023-12-08,Completed,Debit Card
ORD00100,CUST0313,2024-05-27,Completed,Debit Card
ORD00101,CUST0327,2024-06-13,Processing,Apple Pay
ORD00102,CUST0308,2024-04-26,Shipped,PayPal
ORD00103,CUST0370,2024-12-28,Processing,Credit Card
ORD00104,CUST0345,2023-02-03,Completed,PayPal
ORD00105,CUST0378,2023-08-01,Shipped,Debit Card
ORD00106,CUST0060,2024-06-01,Cancelled,Apple Pay
ORD00107,CUST0158,2024-01-02,Processing,Debit Card
ORD00108,CUST0327,2023-11-29,Completed,PayPal
ORD00109,CUST0491,2024-08-31,Processing,Debit Card
ORD00110,CUST0008,2024-02-23,Shipped,Credit Card
ORD00111,CUST0302,2024-07-20,Completed,Debit Card
ORD00112,CUST0293,2024-04-01,Completed,PayPal
ORD00113,CUST0326,2024-10-24,Processing,Credit Card
ORD00114,CUST0004,2023-10-01,Completed,Credit Card
ORD00115,CUST0458,2024-03-10,Completed,Credit Card
ORD00116,CUST0318,2024-11-16,Completed,PayPal
ORD00117,CUST0304,2024-02-16,Completed,Credit Card
ORD00118,CUST0093,2024-10-30,Completed,Apple Pay
ORD00119,CUST0030,2024-03-05,Cancelled,Debit Card
ORD00120,CUST0230,2024-12-31,Cancelled,Credit Card
ORD00121,CUST0057,2024-02-11,Completed,Credit Card
ORD00122,CUST0215,2024-12-29,Shipped,Credit Card
ORD00123,CUST0047,2024-08-24,Completed,PayPal
ORD00124,CUST0085,2024-10-27,Completed,Debit Card
ORD00125,CUST0390,2024-11-13,Cancelled,Debit Card
ORD00126,CUST0099,2024-04-13,Cancelled,Credit Card
ORD00127,CUST0246,2024-08-28,Completed,PayPal
ORD00128,CUST0171,2024-12-23,Shipped,Debit Card
ORD00130,CUST0363,2024-12-25,Completed,Debit Card
ORD00131,CUST0241,2022-03-06,Completed,Debit Card
ORD00132,CUST0128,2023-12-17,Processing,Apple Pay
ORD00133,CUST0123,2024-04-24,Completed,Apple Pay
ORD00134,CUST0063,2023-12-15,Processing,Debit Card
ORD00135,CUST0197,2024-04-16,Completed,Apple Pay
ORD00136,CUST0399,2024-08-10,Completed,Credit Card
ORD00137,CUST0422,2024-08-08,Completed,PayPal
ORD00138,CUST0364,2024-06-24,Cancelled,Apple Pay
ORD00140,CUST0381,2024-01-16,Shipped,Credit Card
ORD00141,CUST0431,2023-10-19,Shipped,PayPal
ORD00142,CUST0355,2024-06-25,Completed,Credit Card
ORD00144,CUST0413,2024-01-05,Completed,Credit Card
ORD00145,CUST0461,2024-03-17,Cancelled,PayPal
ORD00146,CUST0157,2024-10-30,Completed,PayPal
ORD00147,CUST0158,2024-04-26,Processing,PayPal
ORD00148,CUST0455,2024-07-02,Completed,Credit Card
ORD00149,CUST0471,2024-09-29,Completed,Credit Card
ORD00150,CUST0394,2024-05-17,Processing,PayPal
ORD00151,CUST0429,2022-10-15,Processing,Credit Card
ORD00152,CUST0114,2024-06-10,Completed,Apple Pay
ORD00153,CUST0262,2024-11-06,Completed,Credit Card
ORD00154,CUST0417,2024-03-01,Shipped,Credit Card
ORD00155,CUST0483,2024-09-11,Shipped,Apple Pay
ORD00156,CUST0276,2023-09-08,Completed,PayPal
ORD00157,CUST0402,2023-07-18,Completed,Credit Card
ORD00159,CUST0467,2022-10-19,Completed,PayPal
ORD00160,CUST0219,2023-12-09,Completed,Apple Pay
ORD00162,CUST0391,2024-11-17,Completed,Debit Card
ORD00163,CUST0380,2024-02-11,Shipped,Debit Card
ORD00164,CUST0072,2024-08-24,Cancelled,Debit Card
ORD00165,CUST0014,2024-05-14,Completed,Debit Card
ORD00166,CUST0490,2024-03-23,Completed,Debit Card
ORD00167,CUST0022,2024-11-30,Shipped,Apple Pay
ORD00168,CUST0459,2024-09-16,Completed,Credit Card
ORD00170,CUST0299,2023-02-10,Completed,Debit Card
ORD00172,CUST0399,2024-10-25,Completed,PayPal
ORD00173,CUST0088,2023-03-31,Completed,Apple Pay
ORD00174,CUST0415,2024-01-02,Processing,Apple Pay
ORD00175,CUST0086,2022-08-09,Cancelled,Credit Card
ORD00176,CUST0258,2023-06-07,Completed,Credit Card
ORD00177,CUST0224,2024-10-30,Completed,Credit Card
ORD00179,CUST0358,2024-12-23,Processing,Credit Card
ORD00180,CUST0348,2024-12-29,Completed,Debit Card
ORD00181,CUST0260,2024-11-19,Processing,Credit Card
ORD00182,CUST0324,2024-02-10,Cancelled,PayPal
ORD00183,CUST0451,2024-03-16,Processing,Apple Pay
ORD00184,CUST0077,2024-06-12,Processing,PayPal
ORD00186,CUST0474,2023-09-14,Processing,PayPal
ORD00187,CUST0183,2024-08-03,Cancelled,Apple Pay
ORD00188,CUST0466,2024-12-03,Shipped,Debit Card
ORD00189,CUST0010,2024-06-28,Shipped,PayPal
ORD00190,CUST0319,2024-10-21,Cancelled,Debit Card
ORD00191,CUST0459,2024-11-05,Completed,Apple Pay
ORD00193,CUST0113,2023-12-03,Cancelled,Apple Pay
ORD00194,CUST0217,2023-09-23,Completed,Apple Pay
ORD00195,CUST0386,2022-07-19,Completed,PayPal
ORD00196,CUST0245,2023-10-21,Shipped,Debit Card
ORD00197,CUST0100,2024-12-13,Completed,Apple Pay
ORD00198,CUST0390,2024-11-06,Cancelled,Debit Card
ORD00199,CUST0443,2023-10-26,Processing,PayPal
ORD00200,CUST0103,2023-10-20,Completed,PayPal
ORD00201,CUST0181,2023-08-24,Completed,Apple Pay
ORD00202,CUST0055,2024-01-16,Completed,Debit Card
ORD00203,CUST0231,2024-10-12,Completed,Credit Card
ORD00204,CUST0460,2024-06-14,Processing,Credit Card
ORD00205,CUST0148,2023-10-17,Completed,Credit Card
ORD00206,CUST0156,2023-10-06,Completed,Credit Card
ORD00207,CUST0053,2023-12-16,Cancelled,Debit Card
ORD00208,CUST0317,2024-11-23,Completed,Debit Card
ORD00209,CUST0294,2024-09-15,Processing,Apple Pay
ORD00210,CUST0488,2024-09-17,Processing,Credit Card
ORD00211,CUST0311,2024-08-10,Cancelled,PayPal
ORD00212,CUST0233,2022-11-24,Completed,PayPal
ORD00213,CUST0414,2024-07-15,Completed,Credit Card
ORD00214,CUST0222,2024-12-05,Cancelled,Debit Card
ORD00215,CUST0131,2023-09-08,Completed,Apple Pay
ORD00216,CUST0435,2024-12-06,Completed,Credit Card
ORD00217,CUST0274,2023-02-22,Processing,PayPal
ORD00218,CUST0109,2024-07-20,Completed,Apple Pay
ORD00219,CUST0499,2024-01-20,Completed,Credit Card
ORD00220,CUST0317,2024-06-19,Cancelled,Apple Pay
ORD00221,CUST0004,2024-05-14,Completed,Debit Card
ORD00222,CUST0032,2024-08-10,Cancelled,Apple Pay
ORD00223,CUST0476,2024-02-12,Completed,Credit Card
ORD00224,CUST0107,2024-04-01,Completed,PayPal
ORD00225,CUST0239,2024-05-16,Processing,Apple Pay
ORD00226,CUST0495,2024-04-06,Completed,PayPal
ORD00227,CUST0198,2024-08-29,Completed,PayPal
ORD00229,CUST0094,2024-07-07,Completed,Apple Pay
ORD00230,CUST0055,2023-10-01,Cancelled,Apple Pay
ORD00232,CUST0219,2024-12-26,Shipped,Apple Pay
ORD00233,CUST0065,2023-05-10,Shipped,Apple Pay
ORD00234,CUST0425,2024-02-10,Completed,Apple Pay
ORD00235,CUST0227,2024-10-13,Processing,Debit Card
ORD00236,CUST0107,2024-02-04,Processing,Debit Card
ORD00237,CUST0304,2024-08-24,Processing,PayPal
ORD00238,CUST0109,2024-01-02,Processing,PayPal
ORD00239,CUST0063,2024-01-18,Cancelled,Credit Card
ORD00240,CUST0215,2024-10-14,Processing,Apple Pay
ORD00241,CUST0185,2024-02-26,Processing,Credit Card
ORD00242,CUST0013,2024-07-09,Cancelled,Debit Card
ORD00243,CUST0031,2024-02-27,Processing,Credit Card
ORD00244,CUST0328,2024-01-09,Completed,Apple Pay
ORD00245,CUST0095,2024-03-20,Completed,PayPal
ORD00246,CUST0190,2024-11-12,Processing,PayPal
ORD00247,CUST0248,2022-11-23,Shipped,Credit Card
ORD00248,CUST0170,2023-12-21,Completed,Apple Pay
ORD00249,CUST0494,2024-04-05,Completed,Credit Card
ORD00250,CUST0374,2024-12-11,Shipped,Apple Pay
ORD00251,CUST0333,2023-05-12,Completed,Credit Card
ORD00252,CUST0092,2024-02-10,Completed,Apple Pay
ORD00253,CUST0355,2023-09-22,Completed,Credit Card
ORD00254,CUST0019,2023-06-07,Shipped,Debit Card
ORD00255,CUST0319,2023-06-01,Cancelled,Credit Card
ORD00256,CUST0159,2024-11-21,Cancelled,Credit Card
ORD00257,CUST0397,2024-07-21,Completed,Debit Card
ORD00258,CUST0419,2024-12-20,Completed,Debit Card
ORD00259,CUST0020,2022-08-29,Completed,Debit Card
ORD00260,CUST0328,2023-08-02,Shipped,PayPal
ORD00261,CUST0176,2023-10-01,Cancelled,Apple Pay
ORD00262,CUST0468,2024-12-31,Completed,Debit Card
ORD00263,CUST0413,2023-11-30,Completed,PayPal
ORD00264,CUST0389,2023-04-05,Cancelled,PayPal
ORD00265,CUST0029,2024-09-15,Completed,PayPal
ORD00266,CUST0130,2024-09-23,Completed,PayPal
ORD00267,CUST0214,2024-06-13,Completed,Debit Card
ORD00268,CUST0018,2024-10-18,Completed,Apple Pay
ORD00269,CUST0202,2024-11-06,Processing,Debit Card
ORD00270,CUST0179,2024-05-09,Completed,PayPal
ORD00271,CUST0203,2024-11-14,Completed,Debit Card
ORD00272,CUST0249,2023-05-28,Processing,PayPal
ORD00273,CUST0068,2024-12-15,Completed,Debit Card
ORD00274,CUST0494,2024-01-25,Completed,Debit Card
ORD00275,CUST0136,2024-08-05,Shipped,Debit Card
ORD00276,CUST0185,2023-10-16,Completed,Credit Card
ORD00277,CUST0230,2024-12-31,Completed,Debit Card
ORD00278,CUST0003,2024-10-23,Shipped,Credit Card
ORD00279,CUST0059,2023-08-09,Completed,Debit Card
ORD00280,CUST0128,2024-01-14,Completed,Debit Card
ORD00281,CUST0312,2024-08-02,Shipped,Credit Card
ORD00282,CUST0225,2023-06-04,Shipped,Apple Pay
ORD00283,CUST0149,2024-10-15,Completed,Credit Card
ORD00284,CUST0307,2024-11-30,Shipped,Apple Pay
ORD00285,CUST0404,2024-12-03,Cancelled,Credit Card
ORD00286,CUST0394,2024-04-05,Shipped,Apple Pay
ORD00287,CUST0020,2022-03-22,Shipped,Credit Card
ORD00288,CUST0283,2022-08-29,Completed,Apple Pay
ORD00289,CUST0295,2024-08-26,Completed,Apple Pay
ORD00290,CUST0423,2024-09-17,Shipped,PayPal
ORD00291,CUST0007,2023-05-08,Completed,Debit Card
ORD00292,CUST0432,2024-07-24,Completed,Apple Pay
ORD00293,CUST0458,2024-07-17,Shipped,PayPal
ORD00294,CUST0164,2023-09-14,Completed,Credit Card
ORD00295,CUST0493,2023-01-21,Completed,PayPal
ORD00296,CUST0303,2024-09-26,Shipped,PayPal
ORD00297,CUST0403,2024-10-14,Completed,Credit Card
ORD00298,CUST0189,2023-07-08,Shipped,PayPal
ORD00299,CUST0424,2024-10-03,Completed,Apple Pay
ORD00300,CUST0233,2024-04-14,Cancelled,Debit Card
ORD00301,CUST0004,2024-01-02,Completed,Credit Card
ORD00302,CUST0164,2023-11-10,Shipped,PayPal
ORD00303,CUST0028,2024-06-05,Completed,Debit Card
ORD00305,CUST0138,2024-06-23,Cancelled,PayPal
ORD00306,CUST0425,2024-07-30,Processing,Apple Pay
ORD00307,CUST0006,2024-12-23,Shipped,PayPal
ORD00309,CUST0367,2024-11-20,Completed,Credit Card
ORD00310,CUST0453,2024-11-18,Processing,Credit Card
ORD00311,CUST0019,2024-02-23,Completed,PayPal
ORD00312,CUST0439,2024-12-31,Completed,Apple Pay
ORD00313,CUST0426,2024-08-29,Completed,Debit Card
ORD00314,CUST0350,2023-08-13,Completed,Apple Pay
ORD00315,CUST0015,2024-04-12,Completed,PayPal
ORD00316,CUST0273,2024-08-04,Completed,Credit Card
ORD00317,CUST0035,2023-08-18,Completed,Credit Card
ORD00318,CUST0215,2024-12-08,Completed,PayPal
ORD00319,CUST0465,2024-06-09,Shipped,PayPal
ORD00320,CUST0429,2023-09-01,Processing,Apple Pay
ORD00322,CUST0017,2024-03-17,Cancelled,PayPal
ORD00323,CUST0296,2024-02-20,Processing,Credit Card
ORD00324,CUST0486,2024-12-07,Shipped,Credit Card
ORD00325,CUST0031,2024-01-10,Completed,PayPal
ORD00326,CUST0404,2024-11-21,Completed,Debit Card
ORD00327,CUST0112,2024-08-06,Completed,PayPal
ORD00328,CUST0063,2024-05-26,Processing,Apple Pay
ORD00330,CUST0025,2024-09-02,Completed,Apple Pay
ORD00331,CUST0304,2024-04-02,Completed,PayPal
ORD00332,CUST0496,2024-08-28,Cancelled,Apple Pay
ORD00333,CUST0173,2023-06-25,Completed,Apple Pay
ORD00334,CUST0312,2024-09-21,Processing,PayPal
ORD00335,CUST0069,2024-05-05,Completed,Credit Card
ORD00336,CUST0462,2024-10-28,Completed,PayPal
ORD00337,CUST0262,2023-05-26,Completed,Debit Card
ORD00338,CUST0244,2024-10-25,Completed,PayPal
ORD00339,CUST0154,2023-09-04,Completed,Apple Pay
ORD00340,CUST0156,2024-01-30,Cancelled,Apple Pay
ORD00341,CUST0378,2022-08-26,Completed,Apple Pay
ORD00342,CUST0141,2022-09-03,Processing,Credit Card
ORD00343,CUST0077,2024-09-28,Completed,Credit Card
ORD00344,CUST0307,2023-10-15,Shipped,Credit Card
ORD00345,CUST0100,2024-12-23,Completed,Credit Card
ORD00346,CUST0439,2024-12-30,Cancelled,Credit Card
ORD00347,CUST0165,2023-09-01,Completed,Apple Pay
ORD00348,CUST0150,2024-12-07,Completed,Debit Card
ORD00349,CUST0185,2024-01-19,Completed,Apple Pay
ORD00350,CUST0381,2024-08-28,Completed,Debit Card
ORD00351,CUST0164,2023-07-30,Shipped,PayPal
ORD00352,CUST0045,2024-04-24,Cancelled,Debit Card
ORD00353,CUST0151,2024-11-14,Shipped,Debit Card
ORD00354,CUST0062,2022-07-08,Completed,Debit Card
ORD00355,CUST0101,2024-04-24,Completed,Credit Card
ORD00357,CUST0444,2023-05-31,Shipped,Credit Card
ORD00359,CUST0029,2023-08-01,Completed,Apple Pay
ORD00360,CUST0025,2024-05-07,Completed,Credit Card
ORD00361,CUST0205,2024-02-01,Shipped,Debit Card
ORD00362,CUST0126,2024-08-24,Shipped,PayPal
ORD00363,CUST0115,2024-05-17,Shipped,Apple Pay
ORD00364,CUST0306,2023-07-01,Shipped,Debit Card
ORD00365,CUST0222,2024-05-13,Completed,Credit Card
ORD00366,CUST0401,2023-12-29,Shipped,Debit Card
ORD00367,CUST0208,2023-01-13,Completed,Debit Card
ORD00368,CUST0203,2024-12-02,Completed,Credit Card
ORD00369,CUST0133,2024-09-09,Completed,Apple Pay
ORD00370,CUST0149,2023-08-28,Cancelled,Apple Pay
ORD00371,CUST0272,2024-11-27,Processing,Apple Pay
ORD00373,CUST0472,2024-05-21,Processing,Debit Card
ORD00374,CUST0052,2023-10-21,Cancelled,Credit Card
ORD00375,CUST0027,2023-04-09,Completed,Credit Card
ORD00376,CUST0389,2023-09-13,Cancelled,Debit Card
ORD00377,CUST0451,2024-10-29,Completed,Debit Card
ORD00378,CUST0079,2024-12-31,Completed,Apple Pay
ORD00379,CUST0113,2024-03-25,Completed,PayPal
ORD00380,CUST0007,2023-07-21,Completed,PayPal
ORD00382,CUST0454,2024-09-15,Completed,PayPal
ORD00383,CUST0423,2024-10-24,Completed,Credit Card
ORD00384,CUST0378,2024-02-04,Completed,Debit Card
ORD00385,CUST0289,2023-05-25,Cancelled,PayPal
ORD00386,CUST0383,2024-08-24,Processing,PayPal
ORD00387,CUST0010,2024-07-20,Shipped,Credit Card
ORD00388,CUST0182,2024-12-17,Completed,Apple Pay
ORD00389,CUST0229,2024-07-24,Shipped,PayPal
ORD00390,CUST0437,2024-05-18,Completed,Debit Card
ORD00391,CUST0439,2024-12-31,Processing,Debit Card
ORD00392,CUST0275,2024-08-21,Shipped,Debit Card
ORD00393,CUST0261,2024-01-15,Cancelled,Debit Card
ORD00394,CUST0278,2022-10-31,Processing,Debit Card
ORD00395,CUST0296,2023-11-04,Cancelled,PayPal
ORD00396,CUST0086,2022-07-11,Completed,Debit Card
ORD00397,CUST0231,2024-12-13,Completed,Debit Card
ORD00398,CUST0069,2024-11-09,Shipped,Apple Pay
ORD00399,CUST0356,2024-03-21,Completed,Apple Pay
ORD00401,CUST0325,2024-07-27,Cancelled,Apple Pay
ORD00402,CUST0448,2024-12-01,Shipped,Credit Card
ORD00403,CUST0352,2024-07-30,Shipped,Apple Pay
ORD00404,CUST0458,2024-05-23,Shipped,Credit Card
ORD00405,CUST0070,2024-07-03,Processing,Debit Card
ORD00406,CUST0036,2024-02-07,Completed,Credit Card
ORD00407,CUST0296,2023-11-22,Completed,Credit Card
ORD00408,CUST0097,2024-09-03,Processing,Apple Pay
ORD00409,CUST0324,2023-05-07,Shipped,Debit Card
ORD00410,CUST0239,2023-07-01,Completed,PayPal
ORD00411,CUST0194,2024-06-11,Completed,Credit Card
ORD00412,CUST0323,2023-04-23,Shipped,Apple Pay
ORD00413,CUST0296,2024-07-31,Completed,Credit Card
ORD00414,CUST0071,2024-09-19,Completed,Debit Card
ORD00415,CUST0229,2024-04-11,Processing,PayPal
ORD00416,CUST0193,2024-08-30,Shipped,Debit Card
ORD00417,CUST0181,2024-08-03,Completed,Credit Card
ORD00418,CUST0380,2024-10-29,Processing,Credit Card
ORD00419,CUST0034,2024-12-14,Completed,PayPal
ORD00420,CUST0223,2024-06-03,Completed,Credit Card
ORD00421,CUST0146,2023-04-23,Cancelled,Apple Pay
ORD00422,CUST0498,2023-09-08,Processing,PayPal
ORD00423,CUST0204,2023-10-02,Completed,Credit Card
ORD00424,CUST0301,2023-11-20,Completed,Debit Card
ORD00425,CUST0423,2024-10-31,Completed,Credit Card
ORD00426,CUST0131,2024-03-06,Completed,Apple Pay
ORD00427,CUST0224,2024-12-22,Completed,Credit Card
ORD00428,CUST0070,2024-09-03,Cancelled,PayPal
ORD00429,CUST0163,2024-11-09,Completed,PayPal
ORD00430,CUST0140,2024-03-25,Completed,Apple Pay
ORD00432,CUST0463,2024-03-21,Completed,Apple Pay
ORD00433,CUST0004,2024-08-13,Completed,Credit Card
ORD00434,CUST0111,2024-03-05,Completed,Debit Card
ORD00435,CUST0113,2024-08-11,Processing,Credit Card
ORD00436,CUST0205,2024-09-08,Shipped,Credit Card
ORD00437,CUST0425,2023-10-30,Processing,PayPal
ORD00438,CUST0019,2023-05-17,Completed,Credit Card
ORD00439,CUST0032,2024-09-02,Processing,Apple Pay
ORD00440,CUST0467,2023-09-19,Completed,Apple Pay
ORD00441,CUST0107,2024-01-17,Processing,Apple Pay
ORD00442,CUST0429,2023-07-04,Completed,Debit Card
ORD00443,CUST0390,2024-11-28,Cancelled,Debit Card
ORD00445,CUST0012,2024-03-06,Completed,Credit Card
ORD00446,CUST0494,2024-06-09,Completed,PayPal
ORD00447,CUST0066,2024-07-16,Shipped,PayPal
ORD00449,CUST0195,2024-11-15,Shipped,Credit Card
ORD00450,CUST0406,2024-03-07,Completed,Apple Pay
ORD00451,CUST0203,2024-10-12,Cancelled,Debit Card
ORD00452,CUST0037,2024-02-23,Shipped,PayPal
ORD00453,CUST0023,2024-04-24,Completed,PayPal
ORD00454,CUST0362,2024-03-23,Completed,PayPal
ORD00455,CUST0364,2023-11-16,Completed,PayPal
ORD00456,CUST0255,2023-11-28,Cancelled,Apple Pay
ORD00457,CUST0129,2023-05-19,Completed,Apple Pay
ORD00458,CUST0375,2024-10-26,Shipped,PayPal
ORD00459,CUST0423,2024-10-03,Completed,Apple Pay
ORD00460,CUST0012,2024-11-29,Processing,Credit Card
ORD00461,CUST0280,2024-01-05,Shipped,Apple Pay
ORD00463,CUST0165,2024-03-21,Processing,PayPal
ORD00464,CUST0118,2022-10-29,Processing,PayPal
ORD00465,CUST0295,2022-11-27,Completed,PayPal
ORD00466,CUST0342,2023-12-24,Processing,Apple Pay
ORD00467,CUST0134,2024-12-30,Completed,Debit Card
ORD00468,CUST0167,2024-05-24,Completed,Apple Pay
ORD00469,CUST0236,2024-03-05,Completed,Apple Pay
ORD00470,CUST0026,2024-11-25,Completed,Apple Pay
ORD00471,CUST0229,2024-08-20,Cancelled,Apple Pay
ORD00472,CUST0160,2024-07-24,Cancelled,Apple Pay
ORD00473,CUST0149,2023-05-25,Processing,Apple Pay
ORD00474,CUST0338,2024-07-17,Completed,Debit Card
ORD00475,CUST0448,2024-08-23,Completed,Apple Pay
ORD00476,CUST0100,2024-12-02,Processing,Debit Card
ORD00477,CUST0179,2024-04-02,Completed,PayPal
ORD00478,CUST0175,2023-12-25,Completed,Apple Pay
ORD00479,CUST0251,2023-11-10,Completed,PayPal
ORD00480,CUST0060,2024-10-28,Completed,Apple Pay
ORD00481,CUST0387,2023-03-24,Processing,Credit Card
ORD00482,CUST0293,2024-06-06,Completed,Credit Card
ORD00483,CUST0058,2024-10-15,Shipped,PayPal
ORD00484,CUST0293,2024-03-26,Shipped,PayPal
ORD00485,CUST0324,2024-03-22,Completed,Debit Card
ORD00486,CUST0478,2022-12-02,Completed,Apple Pay
ORD00487,CUST0007,2023-04-16,Completed,Debit Card
ORD00488,CUST0168,2024-04-07,Completed,PayPal
ORD00489,CUST0313,2023-06-06,Completed,PayPal
ORD00490,CUST0316,2023-12-14,Completed,Credit Card
ORD00491,CUST0342,2023-08-23,Shipped,Credit Card
ORD00492,CUST0354,2024-08-13,Completed,PayPal
ORD00493,CUST0136,2024-09-29,Completed,Debit Card
ORD00494,CUST0432,2024-12-05,Completed,Debit Card
ORD00496,CUST0415,2023-07-19,Shipped,Credit Card
ORD00497,CUST0276,2024-03-17,Cancelled,Debit Card
ORD00498,CUST0247,2024-06-21,Completed,PayPal
ORD00499,CUST0137,2024-09-25,Completed,Apple Pay
ORD00500,CUST0102,2024-06-17,Shipped,Credit Card
ORD00501,CUST0405,2024-06-19,Shipped,Credit Card
ORD00502,CUST0170,2024-10-18,Processing,Debit Card
ORD00503,CUST0021,2024-07-07,Completed,Debit Card
ORD00504,CUST0412,2024-03-20,Completed,Debit Card
ORD00505,CUST0143,2024-09-20,Completed,Debit Card
ORD00506,CUST0093,2023-04-14,Completed,Apple Pay
ORD00507,CUST0180,2024-08-30,Completed,PayPal
ORD00508,CUST0460,2024-07-23,Completed,Debit Card
ORD00510,CUST0085,2024-11-03,Completed,PayPal
ORD00513,CUST0220,2024-06-06,Completed,PayPal
ORD00514,CUST0046,2022-10-24,Cancelled,PayPal
ORD00515,CUST0302,2024-10-23,Processing,Debit Card
ORD00516,CUST0281,2024-02-14,Shipped,Apple Pay
ORD00517,CUST0467,2024-09-20,Shipped,Debit Card
ORD00518,CUST0054,2024-09-28,Cancelled,Credit Card
ORD00519,CUST0221,2024-03-03,Completed,PayPal
ORD00520,CUST0203,2024-12-12,Completed,Apple Pay
ORD00521,CUST0418,2024-09-14,Processing,Credit Card
ORD00522,CUST0329,2024-08-06,Cancelled,Credit Card
ORD00523,CUST0214,2024-02-24,Completed,Credit Card
ORD00524,CUST0064,2024-11-04,Cancelled,Debit Card
ORD00525,CUST0078,2024-11-01,Cancelled,Debit Card
ORD00526,CUST0123,2024-08-02,Completed,Apple Pay
ORD00527,CUST0050,2024-01-10,Completed,Apple Pay
ORD00528,CUST0156,2023-07-25,Completed,Apple Pay
ORD00529,CUST0391,2024-09-09,Completed,Debit Card
ORD00530,CUST0162,2024-07-26,Shipped,Credit Card
ORD00531,CUST0358,2024-12-19,Completed,Apple Pay
ORD00532,CUST0312,2024-03-21,Completed,PayPal
ORD00533,CUST0201,2024-09-30,Completed,PayPal
ORD00534,CUST0420,2024-04-09,Cancelled,Credit Card
ORD00535,CUST0156,2023-10-30,Processing,PayPal
ORD00536,CUST0166,2024-12-21,Completed,Debit Card
ORD00537,CUST0286,2024-08-29,Completed,PayPal
ORD00538,CUST0324,2022-10-27,Completed,Apple Pay
ORD00539,CUST0457,2024-12-03,Completed,PayPal
ORD00540,CUST0363,2024-08-07,Completed,PayPal
ORD00541,CUST0229,2024-06-09,Cancelled,Apple Pay
ORD00542,CUST0251,2023-02-05,Completed,Credit Card
ORD00543,CUST0090,2023-12-10,Completed,PayPal
ORD00544,CUST0101,2024-12-28,Completed,Apple Pay
ORD00545,CUST0151,2023-12-29,Completed,Apple Pay
ORD00546,CUST0420,2024-07-04,Completed,PayPal
ORD00547,CUST0088,2024-02-11,Processing,Apple Pay
ORD00548,CUST0475,2024-12-04,Completed,Debit Card
ORD00549,CUST0243,2024-07-04,Cancelled,Apple Pay
ORD00550,CUST0365,2024-09-30,Completed,Apple Pay
ORD00551,CUST0249,2024-02-21,Cancelled,PayPal
ORD00552,CUST0472,2024-02-07,Processing,Apple Pay
ORD00553,CUST0047,2022-11-26,Processing,Debit Card
ORD00554,CUST0295,2022-09-21,Shipped,PayPal
ORD00555,CUST0115,2024-04-28,Completed,Credit Card
ORD00556,CUST0121,2024-10-04,Completed,Apple Pay
ORD00557,CUST0288,2024-07-17,Shipped,Debit Card
ORD00558,CUST0300,2024-08-10,Cancelled,PayPal
ORD00559,CUST0329,2024-10-28,Shipped,PayPal
ORD00560,CUST0190,2023-05-26,Completed,Debit Card
ORD00561,CUST0250,2024-07-17,Cancelled,Credit Card
ORD00562,CUST0168,2024-03-17,Completed,PayPal
ORD00563,CUST0395,2023-09-19,Cancelled,PayPal
ORD00564,CUST0407,2023-10-29,Completed,Debit Card
ORD00565,CUST0065,2024-08-16,Completed,Apple Pay
ORD00566,CUST0323,2024-09-24,Shipped,Credit Card
ORD00567,CUST0017,2023-03-26,Cancelled,Credit Card
ORD00568,CUST0231,2024-11-10,Cancelled,Debit Card
ORD00570,CUST0168,2024-02-12,Completed,Credit Card
ORD00571,CUST0209,2024-02-24,Completed,Debit Card
ORD00573,CUST0081,2024-11-14,Completed,Credit Card
ORD00574,CUST0107,2024-04-01,Shipped,PayPal
ORD00575,CUST0437,2024-12-05,Completed,Debit Card
ORD00576,CUST0113,2024-06-26,Completed,Credit Card
ORD00577,CUST0322,2024-06-27,Processing,Debit Card
ORD00578,CUST0388,2024-10-24,Cancelled,Apple Pay
ORD00579,CUST0474,2023-09-18,Cancelled,PayPal
ORD00580,CUST0436,2024-07-11,Completed,Debit Card
ORD00581,CUST0066,2023-06-21,Cancelled,Credit Card
ORD00582,CUST0338,2024-03-28,Shipped,Credit Card
ORD00583,CUST0456,2024-06-09,Completed,PayPal
ORD00584,CUST0440,2024-02-16,Completed,Apple Pay
ORD00585,CUST0306,2023-01-26,Completed,Apple Pay
ORD00586,CUST0086,2022-07-14,Shipped,Apple Pay
ORD00587,CUST0179,2023-09-09,Shipped,Apple Pay
ORD00589,CUST0352,2024-05-13,Completed,Credit Card
ORD00590,CUST0037,2024-01-26,Completed,Debit Card
ORD00591,CUST0438,2024-06-27,Completed,Credit Card
ORD00593,CUST0209,2024-08-04,Completed,Credit Card
ORD00595,CUST0063,2024-05-16,Completed,Apple Pay
ORD00596,CUST0078,2024-04-18,Completed,PayPal
ORD00597,CUST0395,2022-11-02,Completed,PayPal
ORD00598,CUST0070,2024-01-14,Shipped,Apple Pay
ORD00599,CUST0369,2024-12-08,Processing,Apple Pay
ORD00600,CUST0325,2024-07-16,Shipped,Credit Card
ORD00601,CUST0168,2024-02-21,Cancelled,Apple Pay
ORD00602,CUST0480,2024-11-28,Processing,Debit Card
ORD00603,CUST0452,2023-09-17,Completed,Debit Card
ORD00604,CUST0214,2024-04-26,Shipped,Apple Pay
ORD00605,CUST0393,2024-04-29,Processing,Debit Card
ORD00608,CUST0047,2022-07-31,Completed,PayPal
ORD00609,CUST0075,2024-12-28,Shipped,PayPal
ORD00610,CUST0121,2024-12-15,Completed,Debit Card
ORD00611,CUST0117,2024-12-04,Completed,Apple Pay
ORD00612,CUST0374,2024-11-19,Shipped,Credit Card
ORD00613,CUST0320,2024-01-06,Processing,PayPal
ORD00614,CUST0060,2024-08-02,Completed,Debit Card
ORD00615,CUST0191,2024-01-26,Processing,PayPal
ORD00616,CUST0158,2024-05-09,Processing,Apple Pay
ORD00617,CUST0032,2024-11-12,Cancelled,Credit Card
ORD00618,CUST0217,2023-04-30,Processing,PayPal
ORD00619,CUST0143,2024-12-21,Completed,Apple Pay
ORD00620,CUST0181,2024-01-22,Completed,Credit Card
ORD00622,CUST0160,2023-08-20,Shipped,Debit Card
ORD00623,CUST0452,2024-06-03,Completed,Credit Card
ORD00624,CUST0263,2024-06-23,Cancelled,Apple Pay
ORD00625,CUST0323,2024-01-15,Completed,Apple Pay
ORD00626,CUST0070,2024-09-14,Processing,Debit Card
ORD00627,CUST0246,2024-07-11,Completed,Debit Card
ORD00628,CUST0262,2023-07-08,Processing,Apple Pay
ORD00629,CUST0293,2024-02-21,Completed,Apple Pay
ORD00630,CUST0100,2024-12-10,Processing,PayPal
ORD00632,CUST0023,2024-11-24,Completed,Apple Pay
ORD00633,CUST0140,2024-02-29,Completed,Credit Card
ORD00634,CUST0284,2023-08-17,Completed,PayPal
ORD00635,CUST0265,2023-01-29,Shipped,Apple Pay
ORD00636,CUST0381,2022-03-26,Completed,PayPal
ORD00637,CUST0431,2024-12-04,Completed,Apple Pay
ORD00638,CUST0437,2024-01-04,Completed,PayPal
ORD00639,CUST0278,2022-12-17,Cancelled,PayPal
ORD00640,CUST0298,2024-09-10,Shipped,Debit Card
ORD00641,CUST0270,2022-05-02,Completed,Credit Card
ORD00642,CUST0004,2023-07-15,Completed,Apple Pay
ORD00643,CUST0416,2024-12-13,Completed,PayPal
ORD00645,CUST0115,2024-12-31,Completed,PayPal
ORD00646,CUST0328,2023-03-20,Completed,Debit Card
ORD00647,CUST0136,2024-09-12,Completed,PayPal
ORD00648,CUST0159,2024-10-12,Completed,Credit Card
ORD00649,CUST0135,2024-07-10,Cancelled,PayPal
ORD00650,CUST0030,2023-12-11,Processing,Debit Card
ORD00651,CUST0162,2024-09-13,Cancelled,Debit Card
ORD00652,CUST0448,2024-01-23,Shipped,Apple Pay
ORD00653,CUST0389,2024-02-15,Completed,Credit Card
ORD00654,CUST0081,2023-03-31,Cancelled,Apple Pay
ORD00655,CUST0188,2024-06-20,Shipped,Apple Pay
ORD00656,CUST0189,2023-07-14,Processing,PayPal
ORD00657,CUST0390,2024-12-23,Completed,PayPal
ORD00658,CUST0191,2023-12-12,Completed,Debit Card
ORD00659,CUST0054,2024-09-27,Completed,Credit Card
ORD00660,CUST0396,2024-03-16,Cancelled,Debit Card
ORD00661,CUST0398,2024-03-28,Completed,Credit Card
ORD00662,CUST0152,2024-10-09,Completed,Credit Card
ORD00663,CUST0164,2024-06-06,Cancelled,Apple Pay
ORD00664,CUST0246,2024-07-08,Processing,Apple Pay
ORD00665,CUST0206,2024-12-30,Completed,PayPal
ORD00666,CUST0464,2023-03-17,Completed,PayPal
ORD00667,CUST0126,2024-11-11,Completed,PayPal
ORD00668,CUST0054,2023-03-30,Shipped,Debit Card
ORD00669,CUST0314,2022-08-23,Completed,Debit Card
ORD00670,CUST0331,2024-08-06,Completed,Debit Card
ORD00671,CUST0496,2024-10-31,Completed,Debit Card
ORD00672,CUST0264,2024-08-25,Completed,Apple Pay
ORD00673,CUST0399,2024-06-15,Completed,PayPal
ORD00674,CUST0202,2024-04-13,Processing,Credit Card
ORD00675,CUST0429,2024-03-13,Shipped,Credit Card
ORD00676,CUST0392,2024-03-30,Processing,Apple Pay
ORD00677,CUST0148,2023-12-06,Completed,Credit Card
ORD00678,CUST0321,2024-05-01,Completed,Credit Card
ORD00679,CUST0159,2024-12-15,Completed,Apple Pay
ORD00680,CUST0362,2024-06-25,Completed,Credit Card
ORD00681,CUST0014,2024-08-10,Completed,Apple Pay
ORD00682,CUST0320,2024-08-09,Completed,Apple Pay
ORD00684,CUST0065,2023-03-28,Shipped,Debit Card
ORD00685,CUST0382,2024-08-29,Completed,Debit Card
ORD00686,CUST0245,2024-10-06,Shipped,PayPal
ORD00688,CUST0102,2024-12-05,Processing,Apple Pay
ORD00689,CUST0109,2024-06-21,Completed,Debit Card
ORD00690,CUST0491,2024-06-03,Completed,PayPal
ORD00691,CUST0198,2024-12-16,Cancelled,PayPal
ORD00692,CUST0372,2024-09-05,Completed,Apple Pay
ORD00693,CUST0261,2024-08-07,Shipped,Apple Pay
ORD00695,CUST0192,2024-12-04,Processing,Credit Card
ORD00697,CUST0361,2024-04-22,Shipped,PayPal
ORD00698,CUST0478,2023-09-02,Completed,PayPal
ORD00699,CUST0414,2024-06-26,Completed,Debit Card
ORD00700,CUST0182,2024-06-08,Completed,Credit Card
ORD00701,CUST0089,2022-12-01,Completed,Apple Pay
ORD00702,CUST0238,2024-02-03,Completed,Credit Card
ORD00703,CUST0458,2024-10-06,Completed,Debit Card
ORD00704,CUST0181,2024-01-15,Cancelled,Debit Card
ORD00705,CUST0086,2023-06-21,Completed,PayPal
ORD00707,CUST0185,2024-10-29,Completed,Apple Pay
ORD00710,CUST0186,2022-07-09,Completed,PayPal
ORD00711,CUST0037,2024-11-19,Completed,Debit Card
ORD00712,CUST0221,2024-07-30,Cancelled,Apple Pay
ORD00713,CUST0403,2024-11-08,Processing,Credit Card
ORD00714,CUST0262,2023-06-18,Shipped,Apple Pay
ORD00715,CUST0182,2024-06-04,Completed,Debit Card
ORD00716,CUST0325,2024-09-17,Cancelled,PayPal
ORD00717,CUST0482,2024-10-21,Cancelled,Debit Card
ORD00718,CUST0211,2023-09-25,Completed,Apple Pay
ORD00719,CUST0258,2024-02-28,Processing,PayPal
ORD00720,CUST0076,2023-06-27,Completed,Debit Card
ORD00721,CUST0296,2023-06-10,Shipped,Apple Pay
ORD00722,CUST0359,2024-12-13,Processing,Apple Pay
ORD00723,CUST0018,2024-11-26,Completed,Apple Pay
ORD00724,CUST0468,2024-12-12,Completed,Credit Card
ORD00725,CUST0129,2023-05-09,Completed,Apple Pay
ORD00726,CUST0462,2023-07-28,Shipped,Debit Card
ORD00727,CUST0167,2024-03-21,Shipped,Debit Card
ORD00729,CUST0304,2024-08-29,Processing,Credit Card
ORD00730,CUST0101,2024-05-10,Completed,PayPal
ORD00731,CUST0201,2024-12-02,Completed,Debit Card
ORD00733,CUST0218,2024-12-06,Completed,PayPal
ORD00734,CUST0280,2023-05-28,Completed,Apple Pay
ORD00735,CUST0386,2022-06-17,Cancelled,Debit Card
ORD00736,CUST0272,2024-12-01,Completed,Credit Card
ORD00737,CUST0279,2023-06-09,Completed,Apple Pay
ORD00738,CUST0041,2023-04-06,Completed,PayPal
ORD00739,CUST0232,2023-11-11,Completed,PayPal
ORD00740,CUST0265,2022-10-12,Completed,Debit Card
ORD00741,CUST0379,2024-04-16,Cancelled,Debit Card
ORD00742,CUST0396,2024-01-07,Completed,Debit Card
ORD00743,CUST0436,2023-11-20,Completed,Debit Card
ORD00744,CUST0228,2024-10-22,Completed,PayPal
ORD00745,CUST0270,2022-03-17,Processing,Debit Card
ORD00746,CUST0252,2023-04-11,Completed,Apple Pay
ORD00747,CUST0104,2023-10-06,Completed,Credit Card
ORD00748,CUST0397,2024-01-13,Completed,Credit Card
ORD00749,CUST0067,2022-12-17,Completed,Debit Card
ORD00750,CUST0216,2023-02-05,Completed,Debit Card
ORD00751,CUST0122,2024-03-24,Completed,PayPal
ORD00752,CUST0162,2024-06-25,Completed,Debit Card
ORD00753,CUST0379,2024-06-14,Completed,Debit Card
ORD00754,CUST0403,2024-07-22,Cancelled,Apple Pay
ORD00755,CUST0273,2024-04-29,Completed,Apple Pay
ORD00756,CUST0342,2024-04-08,Completed,Apple Pay
ORD00757,CUST0033,2023-08-02,Completed,Debit Card
ORD00758,CUST0115,2024-05-17,Cancelled,PayPal
ORD00759,CUST0377,2023-04-16,Completed,PayPal
ORD00760,CUST0264,2024-11-03,Completed,Apple Pay
ORD00761,CUST0300,2023-05-06,Completed,Credit Card
ORD00763,CUST0055,2024-01-16,Completed,Credit Card
ORD00764,CUST0321,2023-11-25,Completed,PayPal
ORD00765,CUST0089,2023-08-09,Completed,PayPal
ORD00766,CUST0141,2024-11-17,Shipped,Credit Card
ORD00767,CUST0207,2024-05-07,Processing,Debit Card
ORD00768,CUST0384,2023-12-24,Completed,PayPal
ORD00769,CUST0274,2022-11-27,Completed,PayPal
ORD00773,CUST0121,2024-09-17,Completed,PayPal
ORD00774,CUST0317,2024-09-05,Completed,Apple Pay
ORD00775,CUST0305,2024-08-21,Shipped,Apple Pay
ORD00776,CUST0321,2024-10-13,Processing,Apple Pay
ORD00777,CUST0287,2024-10-17,Completed,Debit Card
ORD00778,CUST0068,2024-12-08,Completed,Debit Card
ORD00779,CUST0461,2024-08-22,Completed,Credit Card
ORD00780,CUST0476,2024-12-12,Completed,PayPal
ORD00781,CUST0464,2023-01-26,Completed,Credit Card
ORD00782,CUST0252,2022-05-02,Processing,Credit Card
ORD00783,CUST0324,2024-05-15,Cancelled,PayPal
ORD00784,CUST0013,2024-06-28,Completed,Apple Pay
ORD00785,CUST0030,2023-06-18,Processing,Credit Card
ORD00786,CUST0028,2024-04-08,Cancelled,Credit Card
ORD00787,CUST0467,2022-05-06,Completed,Credit Card
ORD00788,CUST0043,2024-09-22,Completed,Apple Pay
ORD00789,CUST0181,2024-10-21,Processing,Debit Card
ORD00790,CUST0225,2023-05-09,Completed,Credit Card
ORD00791,CUST0128,2022-10-13,Completed,PayPal
ORD00792,CUST0411,2024-07-31,Completed,Credit Card
ORD00793,CUST0201,2024-01-10,Shipped,Credit Card
ORD00794,CUST0156,2024-01-29,Completed,Debit Card
ORD00795,CUST0313,2022-07-08,Completed,Debit Card
ORD00796,CUST0280,2022-11-12,Completed,PayPal
ORD00797,CUST0426,2024-08-18,Completed,Debit Card
ORD00798,CUST0299,2023-06-19,Processing,PayPal
ORD00799,CUST0316,2024-04-25,Processing,PayPal
ORD00800,CUST0289,2024-12-25,Completed,Debit Card
ORD00801,CUST0467,2023-12-28,Processing,Debit Card
ORD00803,CUST0206,2024-08-09,Shipped,Apple Pay
ORD00804,CUST0180,2023-02-18,Completed,Credit Card
ORD00805,CUST0173,2024-03-07,Completed,PayPal
ORD00806,CUST0245,2023-12-31,Shipped,Apple Pay
ORD00807,CUST0221,2024-10-09,Cancelled,PayPal
ORD00808,CUST0425,2023-12-24,Processing,Debit Card
ORD00811,CUST0094,2023-12-18,Completed,Credit Card
ORD00812,CUST0014,2024-06-02,Completed,Credit Card
ORD00814,CUST0461,2024-06-15,Shipped,Apple Pay
ORD00815,CUST0121,2024-09-19,Cancelled,Apple Pay
ORD00816,CUST0097,2024-05-11,Shipped,Debit Card
ORD00817,CUST0220,2024-05-30,Shipped,Apple Pay
ORD00818,CUST0372,2024-04-20,Completed,Credit Card
ORD00819,CUST0031,2024-08-06,Completed,Apple Pay
ORD00820,CUST0155,2024-09-18,Shipped,Debit Card
ORD00821,CUST0323,2024-04-08,Shipped,Apple Pay
ORD00822,CUST0239,2024-01-17,Completed,Apple Pay
ORD00823,CUST0183,2024-03-27,Completed,Debit Card
ORD00825,CUST0383,2024-10-12,Processing,Debit Card
ORD00826,CUST0086,2024-10-17,Completed,Apple Pay
ORD00827,CUST0232,2024-03-01,Shipped,Apple Pay
ORD00829,CUST0025,2024-05-23,Processing,PayPal
ORD00831,CUST0069,2023-11-11,Completed,Apple Pay
ORD00832,CUST0178,2022-09-04,Completed,Debit Card
ORD00834,CUST0184,2024-05-01,Completed,Credit Card
ORD00836,CUST0187,2024-01-04,Cancelled,Credit Card
ORD00837,CUST0250,2023-10-25,Completed,Apple Pay
ORD00838,CUST0284,2023-08-17,Processing,Apple Pay
ORD00839,CUST0055,2024-09-06,Cancelled,Apple Pay
ORD00840,CUST0193,2024-08-21,Completed,Apple Pay
ORD00841,CUST0414,2024-12-13,Cancelled,PayPal
ORD00842,CUST0060,2024-12-09,Processing,Apple Pay
ORD00843,CUST0005,2023-05-07,Completed,Apple Pay
ORD00844,CUST0401,2024-10-28,Shipped,Credit Card
ORD00846,CUST0223,2024-10-10,Completed,Apple Pay
ORD00848,CUST0495,2024-03-22,Completed,PayPal
ORD00849,CUST0287,2024-06-05,Processing,Debit Card
ORD00850,CUST0092,2024-06-11,Completed,Apple Pay
ORD00851,CUST0286,2024-08-25,Completed,PayPal
ORD00852,CUST0358,2024-12-15,Shipped,Debit Card
ORD00854,CUST0493,2022-08-22,Shipped,Apple Pay
ORD00855,CUST0431,2022-10-30,Shipped,PayPal
ORD00856,CUST0178,2024-05-03,Completed,PayPal
ORD00857,CUST0356,2024-11-13,Completed,Apple Pay
ORD00858,CUST0113,2024-04-23,Completed,Debit Card
ORD00859,CUST0141,2024-04-07,Completed,PayPal
ORD00860,CUST0207,2024-06-04,Completed,Debit Card
ORD00861,CUST0375,2024-09-28,Completed,Debit Card
ORD00862,CUST0356,2024-06-22,Processing,Credit Card
ORD00863,CUST0284,2023-09-02,Completed,Debit Card
ORD00864,CUST0241,2024-04-27,Completed,Credit Card
ORD00865,CUST0212,2024-07-13,Processing,Apple Pay
ORD00866,CUST0298,2024-04-25,Processing,Apple Pay
ORD00867,CUST0104,2024-05-16,Completed,Credit Card
ORD00868,CUST0035,2024-07-27,Completed,Apple Pay
ORD00869,CUST0058,2023-05-19,Processing,Debit Card
ORD00870,CUST0067,2023-09-17,Completed,Credit Card
ORD00871,CUST0033,2023-08-02,Processing,Credit Card
ORD00872,CUST0247,2024-12-31,Completed,Credit Card
ORD00873,CUST0197,2023-07-13,Shipped,PayPal
ORD00874,CUST0256,2024-05-16,Completed,PayPal
ORD00875,CUST0071,2024-12-12,Processing,Credit Card
ORD00876,CUST0219,2024-06-13,Completed,PayPal
ORD00877,CUST0309,2024-08-09,Completed,Apple Pay
ORD00879,CUST0147,2024-07-06,Completed,PayPal
ORD00880,CUST0285,2022-04-26,Shipped,Debit Card
ORD00881,CUST0006,2024-10-10,Completed,Credit Card
ORD00882,CUST0028,2024-06-23,Completed,Credit Card
ORD00883,CUST0316,2023-10-30,Cancelled,Credit Card
ORD00884,CUST0319,2024-08-11,Completed,PayPal
ORD00885,CUST0357,2024-08-29,Completed,PayPal
ORD00887,CUST0070,2024-05-27,Processing,Debit Card
ORD00888,CUST0020,2023-07-31,Processing,Apple Pay
ORD00889,CUST0087,2024-08-04,Cancelled,Debit Card
ORD00890,CUST0158,2024-01-06,Processing,Credit Card
ORD00891,CUST0396,2024-08-06,Completed,Credit Card
ORD00892,CUST0062,2024-05-18,Completed,Apple Pay
ORD00893,CUST0231,2024-09-28,Shipped,Debit Card
ORD00894,CUST0112,2024-09-28,Processing,Credit Card
ORD00895,CUST0367,2024-09-04,Completed,Credit Card
ORD00896,CUST0481,2023-04-03,Completed,Credit Card
ORD00898,CUST0341,2023-03-29,Completed,Debit Card
ORD00899,CUST0458,2024-05-29,Processing,Credit Card
ORD00900,CUST0004,2023-10-30,Completed,PayPal
ORD00901,CUST0077,2024-05-10,Shipped,Debit Card
ORD00902,CUST0124,2024-11-04,Completed,PayPal
ORD00904,CUST0042,2024-03-31,Processing,Apple Pay
ORD00907,CUST0206,2024-11-20,Completed,Debit Card
ORD00908,CUST0243,2024-08-20,Processing,Debit Card
ORD00909,CUST0158,2024-06-07,Completed,Credit Card
ORD00910,CUST0084,2023-07-20,Completed,PayPal
ORD00911,CUST0069,2024-02-11,Completed,Credit Card
ORD00912,CUST0489,2024-06-20,Completed,Debit Card
ORD00913,CUST0026,2024-11-01,Completed,Credit Card
ORD00914,CUST0344,2024-10-04,Completed,PayPal
ORD00915,CUST0392,2024-06-11,Completed,PayPal
ORD00916,CUST0231,2024-11-02,Shipped,Credit Card
ORD00917,CUST0270,2022-04-06,Processing,Debit Card
ORD00918,CUST0086,2023-04-08,Completed,PayPal
ORD00919,CUST0155,2024-07-15,Processing,Credit Card
ORD00921,CUST0006,2024-06-27,Completed,Credit Card
ORD00922,CUST0267,2024-10-03,Completed,PayPal
ORD00923,CUST0334,2024-02-04,Processing,Debit Card
ORD00925,CUST0211,2024-01-03,Completed,Credit Card
ORD00926,CUST0088,2023-12-18,Completed,Debit Card
ORD00927,CUST0225,2024-10-22,Completed,Apple Pay
ORD00928,CUST0498,2023-11-15,Completed,Debit Card
ORD00929,CUST0002,2022-12-28,Completed,Debit Card
ORD00930,CUST0481,2023-06-22,Cancelled,Debit Card
ORD00931,CUST0216,2023-01-18,Processing,PayPal
ORD00932,CUST0447,2024-08-15,Processing,PayPal
ORD00933,CUST0250,2024-09-14,Completed,Apple Pay
ORD00934,CUST0361,2024-05-18,Completed,Apple Pay
ORD00936,CUST0179,2022-10-23,Completed,Debit Card
ORD00937,CUST0325,2023-02-07,Cancelled,Apple Pay
ORD00939,CUST0257,2024-12-14,Shipped,Credit Card
ORD00942,CUST0374,2024-11-27,Shipped,Credit Card
ORD00943,CUST0145,2023-01-13,Completed,Apple Pay
ORD00944,CUST0249,2023-05-09,Cancelled,Credit Card
ORD00945,CUST0325,2024-06-08,Completed,Credit Card
ORD00946,CUST0103,2024-11-21,Completed,Debit Card
ORD00947,CUST0296,2024-08-19,Shipped,PayPal
ORD00948,CUST0212,2024-09-09,Completed,Credit Card
ORD00949,CUST0465,2024-04-10,Cancelled,Credit Card
ORD00950,CUST0119,2024-12-31,Completed,Apple Pay
ORD00951,CUST0229,2024-09-12,Completed,Debit Card
ORD00952,CUST0042,2024-01-27,Completed,Credit Card
ORD00953,CUST0016,2023-09-29,Completed,PayPal
ORD00954,CUST0239,2024-12-01,Completed,Credit Card
ORD00955,CUST0149,2024-11-11,Completed,Apple Pay
ORD00957,CUST0328,2023-08-05,Completed,Debit Card
ORD00958,CUST0020,2022-04-30,Processing,Apple Pay
ORD00959,CUST0393,2024-02-27,Completed,Debit Card
ORD00960,CUST0035,2023-04-30,Cancelled,Debit Card
ORD00961,CUST0012,2024-07-02,Completed,Credit Card
ORD00962,CUST0210,2022-05-06,Shipped,Debit Card
ORD00963,CUST0237,2024-09-12,Processing,PayPal
ORD00964,CUST0410,2024-08-03,Completed,Credit Card
ORD00965,CUST0283,2023-12-05,Completed,Apple Pay
ORD00966,CUST0096,2024-07-13,Processing,Apple Pay
ORD00967,CUST0457,2024-12-10,Completed,Credit Card
ORD00968,CUST0371,2023-05-16,Shipped,Credit Card
ORD00969,CUST0064,2024-11-01,Cancelled,Apple Pay
ORD00970,CUST0318,2024-09-25,Completed,PayPal
ORD00972,CUST0349,2024-12-25,Completed,Credit Card
ORD00973,CUST0192,2024-09-07,Completed,Debit Card
ORD00974,CUST0445,2024-12-31,Completed,Debit Card
ORD00975,CUST0323,2024-05-18,Completed,Debit Card
ORD00976,CUST0149,2022-12-04,Completed,PayPal
ORD00977,CUST0178,2023-12-26,Completed,Credit Card
ORD00978,CUST0486,2024-04-14,Completed,Apple Pay
ORD00979,CUST0243,2024-11-17,Processing,Debit Card
ORD00980,CUST0250,2024-03-24,Shipped,Apple Pay
ORD00981,CUST0309,2024-04-30,Processing,Debit Card
ORD00982,CUST0188,2024-03-19,Completed,Apple Pay
ORD00983,CUST0103,2023-11-21,Completed,Apple Pay
ORD00985,CUST0300,2024-10-07,Completed,Credit Card
ORD00987,CUST0319,2023-11-02,Completed,Apple Pay
ORD00988,CUST0304,2024-09-22,Completed,Credit Card
ORD00989,CUST0485,2024-10-02,Completed,PayPal
ORD00990,CUST0292,2024-08-22,Completed,Apple Pay
ORD00991,CUST0034,2024-12-03,Cancelled,PayPal
ORD00992,CUST0464,2024-01-01,Shipped,Debit Card
ORD00993,CUST0103,2024-09-01,Cancelled,PayPal
ORD00994,CUST0435,2024-12-29,Completed,Apple Pay
ORD00995,CUST0098,2024-11-22,Processing,Credit Card
ORD00996,CUST0180,2024-06-07,Shipped,Debit Card
ORD00997,CUST0488,2022-09-22,Completed,PayPal
ORD00999,CUST0287,2024-12-14,Completed,Apple Pay
ORD01000,CUST0446,2023-10-31,Completed,Apple Pay
ORD01001,CUST0370,2024-12-30,Processing,Apple Pay
ORD01002,CUST0202,2022-11-01,Completed,Credit Card
ORD01004,CUST0142,2024-02-07,Shipped,Credit Card
ORD01005,CUST0297,2022-09-23,Completed,Apple Pay
ORD01006,CUST0096,2024-07-16,Cancelled,Debit Card
ORD01007,CUST0393,2024-07-08,Processing,Debit Card
ORD01008,CUST0262,2022-09-06,Completed,PayPal
ORD01009,CUST0472,2024-06-17,Completed,Debit Card
ORD01010,CUST0306,2024-05-03,Processing,Debit Card
ORD01011,CUST0129,2022-10-27,Shipped,Credit Card
ORD01013,CUST0024,2024-05-19,Completed,Credit Card
ORD01014,CUST0030,2024-04-22,Completed,Credit Card
ORD01015,CUST0198,2023-11-17,Processing,PayPal
ORD01016,CUST0209,2023-11-21,Completed,Apple Pay
ORD01017,CUST0426,2024-03-04,Completed,Apple Pay
ORD01018,CUST0271,2024-07-25,Completed,Credit Card
ORD01019,CUST0011,2023-08-01,Processing,Apple Pay
ORD01020,CUST0304,2024-07-17,Completed,Apple Pay
ORD01021,CUST0250,2024-02-03,Completed,Debit Card
ORD01022,CUST0377,2024-05-26,Completed,PayPal
ORD01023,CUST0341,2024-05-27,Shipped,PayPal
ORD01025,CUST0476,2024-11-19,Processing,PayPal
ORD01026,CUST0080,2024-08-07,Shipped,Credit Card
ORD01027,CUST0166,2024-09-05,Completed,Debit Card
ORD01028,CUST0221,2024-01-10,Completed,PayPal
ORD01029,CUST0150,2024-07-04,Cancelled,PayPal
ORD01031,CUST0463,2024-12-18,Completed,Credit Card
ORD01032,CUST0425,2024-06-25,Cancelled,Credit Card
ORD01034,CUST0266,2024-12-08,Completed,Apple Pay
ORD01036,CUST0148,2023-06-04,Completed,Credit Card
ORD01037,CUST0011,2023-10-31,Completed,Credit Card
ORD01038,CUST0056,2023-02-17,Completed,PayPal
ORD01039,CUST0323,2024-07-26,Completed,Credit Card
ORD01041,CUST0163,2024-09-14,Completed,PayPal
ORD01042,CUST0416,2024-07-11,Completed,Credit Card
ORD01043,CUST0434,2023-10-16,Completed,Debit Card
ORD01045,CUST0496,2024-10-26,Shipped,Apple Pay
ORD01046,CUST0236,2024-03-21,Completed,Debit Card
ORD01047,CUST0073,2022-12-29,Completed,Debit Card
ORD01048,CUST0253,2024-06-27,Cancelled,PayPal
ORD01049,CUST0130,2024-08-10,Cancelled,Debit Card
ORD01050,CUST0122,2023-12-20,Completed,Credit Card
ORD01051,CUST0105,2024-03-02,Completed,Apple Pay
ORD01052,CUST0336,2024-02-09,Shipped,Apple Pay
ORD01053,CUST0200,2024-12-16,Completed,PayPal
ORD01054,CUST0147,2024-12-01,Completed,Credit Card
ORD01056,CUST0181,2024-10-04,Completed,PayPal
ORD01057,CUST0315,2024-08-27,Completed,Credit Card
ORD01058,CUST0238,2024-05-16,Completed,Debit Card
ORD01059,CUST0035,2024-11-14,Processing,PayPal
ORD01060,CUST0243,2024-04-12,Completed,Credit Card
ORD01061,CUST0307,2024-12-01,Completed,PayPal
ORD01062,CUST0231,2024-10-15,Cancelled,Credit Card
ORD01063,CUST0337,2024-11-11,Shipped,PayPal
ORD01064,CUST0294,2024-10-31,Cancelled,Apple Pay
ORD01065,CUST0239,2023-05-31,Completed,Apple Pay
ORD01066,CUST0450,2024-05-08,Completed,Credit Card
ORD01067,CUST0362,2023-09-28,Completed,PayPal
ORD01068,CUST0035,2024-08-16,Completed,Apple Pay
ORD01069,CUST0078,2024-02-18,Completed,Debit Card
ORD01070,CUST0215,2024-09-24,Cancelled,PayPal
ORD01071,CUST0392,2023-10-09,Completed,Apple Pay
ORD01072,CUST0301,2023-04-10,Completed,Debit Card
ORD01073,CUST0375,2024-10-19,Completed,Apple Pay
ORD01074,CUST0254,2024-01-10,Completed,Debit Card
ORD01075,CUST0432,2024-10-15,Cancelled,Apple Pay
ORD01076,CUST0130,2024-09-05,Processing,PayPal
ORD01077,CUST0067,2023-10-17,Completed,Apple Pay
ORD01079,CUST0027,2024-05-02,Completed,Debit Card
ORD01080,CUST0388,2024-02-27,Completed,Credit Card
ORD01081,CUST0050,2023-04-16,Cancelled,Credit Card
ORD01082,CUST0278,2022-05-11,Completed,Credit Card
ORD01083,CUST0333,2023-07-11,Completed,PayPal
ORD01085,CUST0241,2022-08-07,Completed,Debit Card
ORD01086,CUST0058,2024-04-18,Completed,Credit Card
ORD01087,CUST0055,2024-01-23,Cancelled,PayPal
ORD01088,CUST0335,2024-10-26,Completed,Debit Card
ORD01089,CUST0455,2023-03-06,Shipped,Apple Pay
ORD01091,CUST0161,2023-08-25,Completed,Credit Card
ORD01092,CUST0149,2024-06-01,Completed,Credit Card
ORD01093,CUST0475,2023-11-14,Processing,Apple Pay
ORD01094,CUST0464,2023-12-16,Cancelled,Debit Card
ORD01095,CUST0105,2024-09-05,Completed,Apple Pay
ORD01096,CUST0217,2024-12-10,Completed,Debit Card
ORD01097,CUST0445,2024-09-21,Completed,Debit Card
ORD01098,CUST0220,2024-03-03,Completed,Debit Card
ORD01099,CUST0291,2024-08-17,Completed,Credit Card
ORD01100,CUST0241,2022-08-29,Processing,Apple Pay
ORD01101,CUST0157,2024-11-30,Completed,Debit Card
ORD01102,CUST0207,2024-03-01,Completed,Credit Card
ORD01103,CUST0131,2024-09-19,Completed,Debit Card
ORD01104,CUST0304,2024-02-27,Completed,Apple Pay
ORD01107,CUST0495,2024-10-27,Completed,Credit Card
ORD01108,CUST0497,2023-08-05,Completed,PayPal
ORD01109,CUST0423,2024-07-20,Shipped,Debit Card
ORD01110,CUST0119,2024-12-28,Completed,PayPal
ORD01111,CUST0478,2024-11-28,Cancelled,Credit Card
ORD01112,CUST0174,2024-10-17,Shipped,Credit Card
ORD01113,CUST0481,2024-04-27,Completed,Debit Card
ORD01114,CUST0236,2024-10-24,Completed,PayPal
ORD01116,CUST0487,2024-12-19,Shipped,Apple Pay
ORD01117,CUST0141,2023-06-05,Shipped,Debit Card
ORD01118,CUST0207,2024-07-18,Completed,Debit Card
ORD01119,CUST0241,2024-05-15,Processing,Credit Card
ORD01120,CUST0104,2024-01-26,Completed,Apple Pay
ORD01121,CUST0455,2024-04-13,Processing,PayPal
ORD01122,CUST0428,2024-07-08,Processing,Credit Card
ORD01124,CUST0146,2023-04-15,Completed,Debit Card
ORD01125,CUST0460,2024-06-11,Completed,Apple Pay
ORD01126,CUST0014,2024-07-10,Shipped,Apple Pay
ORD01127,CUST0023,2023-07-17,Cancelled,Apple Pay
ORD01128,CUST0170,2023-03-10,Processing,PayPal
ORD01129,CUST0329,2024-11-16,Completed,PayPal
ORD01130,CUST0203,2024-10-19,Cancelled,Credit Card
ORD01131,CUST0161,2024-08-28,Completed,PayPal
ORD01135,CUST0127,2024-08-20,Cancelled,PayPal
ORD01136,CUST0352,2024-12-12,Cancelled,Credit Card
ORD01137,CUST0300,2023-06-06,Cancelled,Debit Card
ORD01139,CUST0072,2023-05-12,Shipped,Credit Card
ORD01140,CUST0234,2022-09-29,Completed,Debit Card
ORD01141,CUST0228,2024-04-03,Completed,Debit Card
ORD01143,CUST0374,2024-12-20,Shipped,PayPal
ORD01144,CUST0457,2024-12-17,Completed,Credit Card
ORD01145,CUST0105,2024-10-01,Completed,Credit Card
ORD01146,CUST0367,2024-12-30,Processing,Apple Pay
ORD01147,CUST0343,2024-04-01,Completed,Debit Card
ORD01148,CUST0006,2023-10-31,Cancelled,PayPal
ORD01149,CUST0178,2022-12-21,Shipped,Credit Card
ORD01150,CUST0256,2024-12-10,Processing,Apple Pay
ORD01151,CUST0304,2024-12-26,Completed,PayPal
ORD01152,CUST0353,2024-04-11,Completed,Debit Card
ORD01153,CUST0042,2024-12-25,Completed,PayPal
ORD01154,CUST0383,2024-12-04,Shipped,Debit Card
ORD01155,CUST0085,2024-09-12,Completed,Debit Card
ORD01156,CUST0073,2022-06-06,Completed,Credit Card
ORD01157,CUST0124,2023-08-15,Cancelled,Apple Pay
ORD01158,CUST0297,2023-10-28,Cancelled,Apple Pay
ORD01159,CUST0452,2023-09-11,Processing,Credit Card
ORD01160,CUST0004,2024-06-14,Processing,Apple Pay
ORD01162,CUST0078,2023-12-08,Completed,Apple Pay
ORD01163,CUST0321,2023-10-05,Completed,PayPal
ORD01164,CUST0224,2024-12-23,Completed,Apple Pay
ORD01165,CUST0381,2023-03-19,Completed,PayPal
ORD01166,CUST0049,2024-10-01,Completed,Apple Pay
ORD01167,CUST0417,2024-06-03,Shipped,Credit Card
ORD01168,CUST0138,2024-11-19,Completed,Credit Card
ORD01169,CUST0112,2024-06-16,Processing,Apple Pay
ORD01170,CUST0119,2024-12-25,Completed,Apple Pay
ORD01171,CUST0470,2024-05-14,Completed,Credit Card
ORD01172,CUST0391,2024-09-08,Processing,PayPal
ORD01173,CUST0383,2024-10-26,Processing,Credit Card
ORD01174,CUST0279,2024-01-10,Processing,Debit Card
ORD01176,CUST0464,2023-03-24,Processing,Credit Card
ORD01178,CUST0211,2023-11-14,Processing,Debit Card
ORD01179,CUST0284,2023-03-25,Completed,PayPal
ORD01180,CUST0075,2024-12-25,Completed,Apple Pay
ORD01181,CUST0108,2024-03-19,Completed,Debit Card
ORD01182,CUST0092,2024-01-15,Completed,Apple Pay
ORD01183,CUST0359,2024-11-21,Completed,PayPal
ORD01184,CUST0399,2023-10-20,Cancelled,Apple Pay
ORD01186,CUST0051,2024-05-30,Shipped,Debit Card
ORD01188,CUST0455,2023-05-08,Completed,PayPal
ORD01189,CUST0185,2024-10-28,Completed,Apple Pay
ORD01190,CUST0389,2024-08-01,Completed,Apple Pay
ORD01191,CUST0044,2024-06-05,Completed,Credit Card
ORD01192,CUST0053,2024-04-09,Cancelled,PayPal
ORD01193,CUST0246,2024-07-30,Shipped,Apple Pay
ORD01194,CUST0134,2024-12-31,Shipped,Debit Card
ORD01196,CUST0338,2024-02-16,Shipped,Credit Card
ORD01197,CUST0277,2024-02-23,Completed,Credit Card
ORD01198,CUST0258,2024-08-22,Shipped,Debit Card
ORD01199,CUST0450,2024-10-23,Processing,Debit Card
ORD01200,CUST0394,2024-08-29,Completed,Debit Card
ORD01201,CUST0385,2024-07-27,Completed,Debit Card
ORD01202,CUST0079,2024-12-04,Processing,Credit Card
ORD01204,CUST0292,2023-11-01,Processing,Apple Pay
ORD01205,CUST0010,2023-07-06,Completed,Credit Card
ORD01206,CUST0085,2024-11-04,Shipped,Debit Card
ORD01207,CUST0241,2024-02-20,Shipped,PayPal
ORD01209,CUST0440,2024-11-14,Completed,PayPal
ORD01210,CUST0040,2023-06-16,Completed,Credit Card
ORD01211,CUST0205,2024-04-22,Processing,Debit Card
ORD01212,CUST0386,2024-06-25,Shipped,PayPal
ORD01213,CUST0220,2023-05-28,Completed,Debit Card
ORD01214,CUST0042,2024-07-16,Completed,Debit Card
ORD01215,CUST0338,2024-12-11,Shipped,Apple Pay
ORD01216,CUST0065,2023-01-22,Completed,Debit Card
ORD01217,CUST0116,2022-06-21,Completed,Debit Card
ORD01218,CUST0479,2024-06-07,Completed,Apple Pay
ORD01219,CUST0461,2024-10-18,Completed,Debit Card
ORD01221,CUST0437,2024-08-14,Cancelled,Apple Pay
ORD01222,CUST0227,2024-10-28,Completed,Credit Card
ORD01223,CUST0227,2024-12-22,Completed,PayPal
ORD01224,CUST0205,2024-03-14,Processing,Credit Card
ORD01225,CUST0213,2022-10-08,Completed,Credit Card
ORD01226,CUST0131,2023-06-21,Completed,Credit Card
ORD01227,CUST0168,2023-11-09,Completed,Debit Card
ORD01228,CUST0421,2024-12-25,Completed,Credit Card
ORD01229,CUST0455,2024-02-21,Completed,PayPal
ORD01231,CUST0142,2023-08-17,Shipped,PayPal
ORD01232,CUST0005,2023-05-12,Shipped,Apple Pay
ORD01233,CUST0159,2024-10-07,Completed,PayPal
ORD01234,CUST0263,2024-05-13,Completed,Credit Card
ORD01235,CUST0157,2024-11-15,Completed,PayPal
ORD01236,CUST0436,2024-01-28,Completed,Debit Card
ORD01238,CUST0313,2023-06-22,Shipped,PayPal
ORD01239,CUST0200,2024-06-21,Cancelled,Apple Pay
ORD01240,CUST0383,2024-09-05,Completed,PayPal
ORD01241,CUST0425,2024-10-16,Processing,PayPal
ORD01242,CUST0281,2024-06-22,Completed,Credit Card
ORD01243,CUST0277,2024-02-13,Processing,Credit Card
ORD01244,CUST0416,2024-12-11,Completed,PayPal
ORD01245,CUST0480,2024-12-22,Processing,Apple Pay
ORD01246,CUST0164,2022-04-29,Completed,Credit Card
ORD01247,CUST0187,2024-05-09,Completed,PayPal
ORD01248,CUST0247,2024-05-07,Completed,Debit Card
ORD01249,CUST0122,2023-10-13,Completed,Debit Card
ORD01250,CUST0070,2024-06-15,Processing,Apple Pay
ORD01251,CUST0084,2022-07-25,Completed,Debit Card
ORD01252,CUST0144,2024-07-17,Shipped,Credit Card
ORD01253,CUST0161,2023-01-21,Cancelled,Debit Card
ORD01254,CUST0075,2024-12-21,Completed,Apple Pay
ORD01255,CUST0301,2023-03-30,Completed,Debit Card
ORD01256,CUST0319,2024-06-02,Completed,Debit Card
ORD01258,CUST0496,2024-12-07,Completed,Debit Card
ORD01259,CUST0033,2024-11-18,Cancelled,Credit Card
ORD01260,CUST0177,2024-04-19,Shipped,PayPal
ORD01261,CUST0241,2024-03-16,Cancelled,Credit Card
ORD01262,CUST0145,2024-04-19,Completed,Debit Card
ORD01263,CUST0021,2023-04-19,Completed,Apple Pay
ORD01265,CUST0028,2024-03-12,Shipped,PayPal
ORD01266,CUST0016,2024-05-29,Completed,Credit Card
ORD01267,CUST0286,2024-08-18,Shipped,Credit Card
ORD01268,CUST0294,2024-04-15,Completed,Apple Pay
ORD01269,CUST0332,2024-11-16,Completed,Debit Card
ORD01270,CUST0336,2023-03-20,Completed,PayPal
ORD01272,CUST0080,2024-09-05,Completed,Debit Card
ORD01273,CUST0449,2024-10-06,Cancelled,Credit Card
ORD01275,CUST0199,2024-12-31,Shipped,Apple Pay
ORD01276,CUST0438,2024-06-07,Completed,Debit Card
ORD01278,CUST0042,2024-09-30,Shipped,Apple Pay
ORD01279,CUST0401,2023-08-16,Completed,PayPal
ORD01280,CUST0390,2024-12-10,Processing,Apple Pay
ORD01281,CUST0029,2023-08-19,Processing,Apple Pay
ORD01282,CUST0330,2024-08-28,Cancelled,PayPal
ORD01283,CUST0197,2024-11-13,Cancelled,Credit Card
ORD01284,CUST0465,2024-01-29,Completed,Apple Pay
ORD01285,CUST0010,2023-12-26,Cancelled,Apple Pay
ORD01286,CUST0251,2024-12-05,Completed,PayPal
ORD01287,CUST0366,2024-02-20,Cancelled,Apple Pay
ORD01288,CUST0300,2022-09-12,Shipped,PayPal
ORD01289,CUST0344,2024-09-23,Processing,Credit Card
ORD01290,CUST0142,2024-11-28,Completed,PayPal
ORD01291,CUST0378,2022-08-15,Processing,Apple Pay
ORD01292,CUST0089,2023-06-26,Completed,Apple Pay
ORD01293,CUST0213,2023-05-04,Cancelled,Debit Card
ORD01294,CUST0325,2024-05-21,Cancelled,Apple Pay
ORD01295,CUST0176,2023-08-31,Completed,Apple Pay
ORD01296,CUST0114,2024-12-22,Processing,Apple Pay
ORD01297,CUST0347,2024-08-02,Cancelled,Credit Card
ORD01298,CUST0067,2023-02-24,Processing,Credit Card
ORD01299,CUST0404,2024-12-11,Completed,PayPal
ORD01300,CUST0018,2024-09-30,Completed,PayPal
ORD01301,CUST0242,2023-04-28,Processing,Debit Card
ORD01303,CUST0097,2024-03-27,Shipped,PayPal
ORD01304,CUST0480,2024-12-29,Shipped,Apple Pay
ORD01305,CUST0348,2024-10-18,Completed,PayPal
ORD01306,CUST0496,2024-12-27,Completed,Credit Card
ORD01307,CUST0429,2024-09-12,Completed,Debit Card
ORD01308,CUST0057,2024-10-18,Completed,Debit Card
ORD01309,CUST0336,2023-10-03,Shipped,Credit Card
ORD01310,CUST0148,2023-06-24,Shipped,PayPal
ORD01311,CUST0255,2023-02-11,Shipped,PayPal
ORD01312,CUST0274,2024-02-23,Completed,Apple Pay
ORD01314,CUST0099,2024-10-08,Completed,Apple Pay
ORD01315,CUST0227,2024-09-18,Shipped,Apple Pay
ORD01316,CUST0453,2024-04-24,Processing,Apple Pay
ORD01318,CUST0437,2024-02-02,Completed,Apple Pay
ORD01319,CUST0331,2024-04-16,Processing,PayPal
ORD01320,CUST0437,2024-11-29,Completed,Credit Card
ORD01321,CUST0118,2023-03-24,Cancelled,Credit Card
ORD01322,CUST0073,2024-02-05,Completed,Debit Card
ORD01324,CUST0446,2024-05-24,Completed,Apple Pay
ORD01325,CUST0080,2024-08-11,Processing,PayPal
ORD01326,CUST0341,2022-07-28,Completed,PayPal
ORD01327,CUST0124,2024-02-04,Completed,PayPal
ORD01328,CUST0489,2024-10-01,Completed,Debit Card
ORD01329,CUST0261,2024-10-15,Completed,Apple Pay
ORD01330,CUST0430,2024-11-28,Shipped,PayPal
ORD01331,CUST0016,2024-08-28,Cancelled,Debit Card
ORD01332,CUST0111,2024-04-16,Processing,Credit Card
ORD01333,CUST0312,2024-09-24,Processing,PayPal
ORD01334,CUST0086,2023-12-02,Completed,Debit Card
ORD01335,CUST0312,2024-06-07,Cancelled,Credit Card
ORD01336,CUST0083,2023-11-21,Completed,PayPal
ORD01338,CUST0256,2023-12-23,Cancelled,Credit Card
ORD01339,CUST0051,2024-11-09,Completed,Apple Pay
ORD01340,CUST0228,2024-09-07,Shipped,PayPal
ORD01341,CUST0298,2023-09-02,Shipped,PayPal
ORD01342,CUST0003,2024-07-11,Completed,Apple Pay
ORD01343,CUST0047,2024-07-21,Completed,Apple Pay
ORD01344,CUST0176,2024-02-16,Cancelled,Debit Card
ORD01345,CUST0357,2024-12-16,Completed,Debit Card
ORD01347,CUST0173,2022-12-30,Completed,Debit Card
ORD01348,CUST0042,2024-10-16,Cancelled,Debit Card
ORD01349,CUST0272,2024-03-27,Completed,Debit Card
ORD01350,CUST0063,2024-06-12,Processing,PayPal
ORD01351,CUST0040,2023-03-30,Completed,Credit Card
ORD01352,CUST0453,2024-04-18,Completed,PayPal
ORD01353,CUST0320,2024-06-20,Completed,PayPal
ORD01354,CUST0054,2023-03-08,Processing,Apple Pay
ORD01355,CUST0066,2023-10-06,Completed,Debit Card
ORD01356,CUST0037,2024-11-10,Completed,PayPal
ORD01357,CUST0385,2024-08-01,Completed,Credit Card
ORD01358,CUST0382,2022-11-19,Completed,Credit Card
ORD01359,CUST0305,2024-10-13,Completed,Debit Card
ORD01360,CUST0063,2024-09-12,Processing,Credit Card
ORD01361,CUST0014,2024-04-25,Cancelled,Debit Card
ORD01364,CUST0065,2023-02-01,Completed,Debit Card
ORD01365,CUST0377,2023-03-18,Cancelled,Debit Card
ORD01366,CUST0046,2024-06-05,Cancelled,Apple Pay
ORD01367,CUST0140,2024-04-18,Completed,Apple Pay
ORD01368,CUST0255,2024-05-12,Completed,Apple Pay
ORD01369,CUST0491,2024-10-22,Cancelled,Apple Pay
ORD01370,CUST0317,2024-10-17,Completed,Credit Card
ORD01371,CUST0049,2024-11-05,Completed,PayPal
ORD01372,CUST0017,2024-05-17,Completed,Apple Pay
ORD01373,CUST0265,2024-09-28,Completed,Debit Card
ORD01374,CUST0250,2024-07-22,Completed,PayPal
ORD01375,CUST0123,2024-03-05,Cancelled,Debit Card
ORD01376,CUST0362,2023-09-11,Completed,Apple Pay
ORD01377,CUST0427,2023-08-28,Completed,Credit Card
ORD01378,CUST0242,2023-05-04,Cancelled,Debit Card
ORD01379,CUST0105,2024-08-14,Completed,Debit Card
ORD01380,CUST0464,2022-12-31,Shipped,Credit Card
ORD01381,CUST0329,2024-07-23,Completed,PayPal
ORD01382,CUST0287,2024-12-08,Completed,Credit Card
ORD01383,CUST0438,2024-07-23,Completed,Apple Pay
ORD01384,CUST0448,2024-04-18,Completed,PayPal
ORD01385,CUST0347,2024-09-25,Completed,Debit Card
ORD01386,CUST0298,2024-11-10,Shipped,Apple Pay
ORD01387,CUST0381,2022-08-01,Shipped,Credit Card
ORD01388,CUST0323,2024-12-26,Completed,Credit Card
ORD01389,CUST0350,2024-09-15,Cancelled,Apple Pay
ORD01390,CUST0398,2024-10-08,Completed,Apple Pay
ORD01391,CUST0496,2024-09-07,Completed,Apple Pay
ORD01392,CUST0178,2024-06-11,Completed,PayPal
ORD01393,CUST0266,2024-11-04,Completed,Credit Card
ORD01394,CUST0454,2024-04-23,Cancelled,Apple Pay
ORD01395,CUST0134,2024-12-30,Processing,Credit Card
ORD01396,CUST0045,2024-06-05,Cancelled,PayPal
ORD01397,CUST0082,2024-07-28,Completed,Credit Card
ORD01398,CUST0480,2024-11-22,Completed,Debit Card
ORD01400,CUST0055,2024-01-14,Completed,Debit Card
ORD01401,CUST0477,2024-07-18,Completed,Apple Pay
ORD01402,CUST0258,2024-11-23,Shipped,Apple Pay
ORD01403,CUST0272,2024-05-23,Completed,PayPal
ORD01404,CUST0285,2024-07-25,Processing,Debit Card
ORD01405,CUST0428,2024-03-20,Cancelled,Debit Card
ORD01406,CUST0354,2022-12-29,Completed,Apple Pay
ORD01407,CUST0110,2024-04-19,Completed,PayPal
ORD01408,CUST0395,2023-01-09,Shipped,PayPal
ORD01409,CUST0454,2024-08-04,Processing,PayPal
ORD01410,CUST0184,2024-09-12,Processing,PayPal
ORD01411,CUST0182,2023-11-23,Completed,Debit Card
ORD01412,CUST0263,2024-10-27,Processing,Apple Pay
ORD01413,CUST0026,2024-12-02,Completed,Credit Card
ORD01414,CUST0485,2023-10-18,Completed,Apple Pay
ORD01415,CUST0159,2024-10-17,Completed,Credit Card
ORD01416,CUST0306,2024-04-01,Cancelled,Credit Card
ORD01417,CUST0070,2024-09-03,Cancelled,Debit Card
ORD01418,CUST0154,2023-11-09,Completed,PayPal
ORD01419,CUST0229,2024-06-19,Completed,Apple Pay
ORD01420,CUST0232,2024-04-06,Completed,Apple Pay
ORD01422,CUST0213,2023-10-17,Completed,PayPal
ORD01423,CUST0056,2024-08-25,Processing,Credit Card
ORD01424,CUST0125,2024-11-25,Completed,PayPal
ORD01425,CUST0218,2024-12-03,Completed,Credit Card
ORD01426,CUST0386,2023-09-15,Cancelled,Credit Card
ORD01427,CUST0141,2024-10-01,Shipped,Debit Card
ORD01428,CUST0012,2024-04-17,Completed,Credit Card
ORD01429,CUST0332,2024-11-14,Completed,Apple Pay
ORD01430,CUST0200,2024-08-03,Processing,Credit Card
ORD01431,CUST0348,2024-07-08,Completed,Debit Card
ORD01432,CUST0433,2023-11-27,Processing,PayPal
ORD01433,CUST0071,2024-10-05,Completed,Credit Card
ORD01434,CUST0401,2024-04-15,Completed,Credit Card
ORD01435,CUST0443,2023-10-23,Completed,Credit Card
ORD01436,CUST0211,2023-05-28,Shipped,PayPal
ORD01437,CUST0415,2024-11-13,Completed,PayPal
ORD01438,CUST0265,2024-12-17,Completed,Credit Card
ORD01439,CUST0144,2023-09-29,Completed,Debit Card
ORD01440,CUST0007,2024-11-03,Completed,Apple Pay
ORD01441,CUST0088,2024-04-12,Cancelled,Debit Card
ORD01442,CUST0097,2024-03-08,Completed,Apple Pay
ORD01443,CUST0113,2023-10-21,Completed,Credit Card
ORD01444,CUST0448,2024-12-02,Cancelled,Apple Pay
ORD01447,CUST0384,2024-08-09,Completed,Apple Pay
ORD01448,CUST0367,2024-07-18,Completed,Credit Card
ORD01449,CUST0162,2024-05-01,Shipped,Credit Card
ORD01450,CUST0494,2024-12-18,Completed,Apple Pay
ORD01451,CUST0114,2024-10-08,Completed,Apple Pay
ORD01452,CUST0194,2024-06-26,Completed,Credit Card
ORD01453,CUST0040,2023-07-26,Completed,Debit Card
ORD01454,CUST0279,2024-06-30,Completed,PayPal
ORD01455,CUST0032,2024-09-05,Shipped,Debit Card
ORD01456,CUST0340,2024-08-23,Completed,Apple Pay
ORD01457,CUST0271,2024-12-06,Completed,Debit Card
ORD01458,CUST0365,2024-10-07,Completed,Debit Card
ORD01459,CUST0173,2022-12-15,Shipped,Debit Card
ORD01461,CUST0079,2024-12-31,Shipped,Credit Card
ORD01462,CUST0427,2023-08-29,Completed,Debit Card
ORD01463,CUST0479,2024-08-30,Completed,PayPal
ORD01464,CUST0469,2024-04-12,Shipped,Apple Pay
ORD01465,CUST0438,2024-04-30,Processing,Debit Card
ORD01466,CUST0093,2024-02-07,Completed,Debit Card
ORD01467,CUST0185,2024-04-19,Completed,PayPal
ORD01468,CUST0209,2024-03-02,Completed,Credit Card
ORD01469,CUST0418,2024-07-28,Completed,PayPal
ORD01470,CUST0256,2024-05-22,Completed,Apple Pay
ORD01471,CUST0324,2024-01-06,Completed,PayPal
ORD01472,CUST0415,2024-10-25,Completed,PayPal
ORD01473,CUST0464,2023-01-15,Completed,PayPal
ORD01474,CUST0278,2022-06-29,Cancelled,PayPal
ORD01475,CUST0194,2024-08-04,Cancelled,Credit Card
ORD01476,CUST0473,2023-11-28,Completed,Credit Card
ORD01478,CUST0099,2023-09-08,Completed,Apple Pay
ORD01479,CUST0010,2024-01-15,Processing,Apple Pay
ORD01480,CUST0137,2023-12-04,Shipped,Credit Card
ORD01481,CUST0137,2024-08-06,Shipped,Debit Card
ORD01482,CUST0373,2024-06-06,Shipped,Apple Pay
ORD01483,CUST0141,2023-09-19,Completed,PayPal
ORD01484,CUST0098,2024-12-15,Processing,Credit Card
ORD01485,CUST0303,2024-09-16,Processing,Credit Card
ORD01486,CUST0269,2022-09-28,Shipped,PayPal
ORD01487,CUST0070,2024-06-13,Processing,Debit Card
ORD01488,CUST0138,2024-09-13,Completed,Apple Pay
ORD01489,CUST0222,2024-06-16,Completed,Debit Card
ORD01490,CUST0040,2022-12-31,Cancelled,PayPal
ORD01491,CUST0049,2024-12-09,Completed,Debit Card
ORD01492,CUST0339,2023-05-01,Completed,Credit Card
ORD01493,CUST0015,2023-06-13,Completed,Apple Pay
ORD01495,CUST0486,2024-12-15,Completed,PayPal
ORD01496,CUST0274,2023-02-14,Completed,Apple Pay
ORD01497,CUST0212,2024-09-22,Processing,Apple Pay
ORD01498,CUST0191,2024-10-08,Cancelled,Debit Card
ORD01499,CUST0021,2023-10-10,Completed,Debit Card
ORD01500,CUST0096,2023-11-06,Cancelled,Debit Card
ORD01501,CUST0210,2022-09-13,Completed,Debit Card
ORD01502,CUST0287,2024-08-17,Completed,Apple Pay
ORD01503,CUST0123,2023-09-16,Completed,Debit Card
ORD01504,CUST0106,2024-07-23,Completed,Debit Card
ORD01505,CUST0305,2024-07-16,Shipped,Credit Card
ORD01506,CUST0421,2024-05-03,Cancelled,PayPal
ORD01507,CUST0176,2023-08-18,Completed,PayPal
ORD01508,CUST0001,2024-09-22,Completed,PayPal
ORD01509,CUST0253,2024-11-18,Completed,Credit Card
ORD01510,CUST0027,2023-10-25,Shipped,Apple Pay
ORD01511,CUST0130,2024-11-17,Completed,PayPal
ORD01512,CUST0395,2022-05-12,Shipped,Credit Card
ORD01513,CUST0499,2024-05-02,Completed,Credit Card
ORD01514,CUST0007,2024-05-14,Completed,Apple Pay
ORD01516,CUST0390,2024-12-17,Completed,Credit Card
ORD01517,CUST0394,2023-01-05,Cancelled,Debit Card
ORD01518,CUST0249,2024-02-08,Completed,Credit Card
ORD01519,CUST0151,2023-12-04,Completed,PayPal
ORD01520,CUST0043,2024-11-24,Completed,PayPal
ORD01522,CUST0161,2023-07-09,Completed,Credit Card
ORD01523,CUST0089,2022-10-09,Completed,Apple Pay
ORD01524,CUST0042,2024-09-11,Completed,PayPal
ORD01525,CUST0278,2023-06-07,Completed,Credit Card
ORD01526,CUST0124,2024-08-12,Processing,PayPal
ORD01528,CUST0310,2024-05-21,Cancelled,Debit Card
ORD01529,CUST0247,2024-04-06,Shipped,Credit Card
ORD01530,CUST0218,2024-11-18,Processing,PayPal
ORD01531,CUST0351,2024-06-15,Completed,Credit Card
ORD01532,CUST0350,2024-02-29,Completed,Credit Card
ORD01533,CUST0282,2022-10-11,Processing,Apple Pay
ORD01534,CUST0358,2024-12-27,Completed,Credit Card
ORD01535,CUST0484,2023-08-11,Processing,Credit Card
ORD01536,CUST0189,2023-06-09,Cancelled,Apple Pay
ORD01537,CUST0089,2023-09-30,Completed,Credit Card
ORD01538,CUST0276,2024-03-12,Processing,Debit Card
ORD01539,CUST0210,2024-02-11,Cancelled,PayPal
ORD01540,CUST0300,2024-07-31,Shipped,Apple Pay
ORD01541,CUST0004,2024-04-24,Processing,Apple Pay
ORD01542,CUST0316,2023-12-10,Shipped,Debit Card
ORD01543,CUST0200,2024-10-29,Completed,Credit Card
ORD01544,CUST0182,2024-08-17,Processing,PayPal
ORD01545,CUST0485,2024-09-01,Completed,PayPal
ORD01546,CUST0253,2024-04-24,Processing,Credit Card
ORD01547,CUST0060,2024-07-09,Shipped,Credit Card
ORD01549,CUST0365,2024-11-15,Completed,PayPal
ORD01550,CUST0209,2024-04-14,Processing,Credit Card
ORD01551,CUST0076,2024-09-10,Shipped,Credit Card
ORD01552,CUST0152,2024-06-13,Completed,Credit Card
ORD01553,CUST0375,2024-12-14,Completed,PayPal
ORD01554,CUST0245,2023-05-12,Processing,Debit Card
ORD01555,CUST0070,2023-12-09,Processing,Apple Pay
ORD01556,CUST0150,2024-09-20,Completed,Debit Card
ORD01558,CUST0322,2024-06-20,Completed,Apple Pay
ORD01559,CUST0357,2024-08-22,Completed,PayPal
ORD01560,CUST0074,2024-10-21,Completed,Apple Pay
ORD01561,CUST0198,2023-07-31,Completed,Apple Pay
ORD01562,CUST0354,2024-08-16,Shipped,Credit Card
ORD01563,CUST0228,2023-02-11,Completed,PayPal
ORD01564,CUST0197,2023-05-09,Completed,Credit Card
ORD01565,CUST0289,2023-07-28,Completed,Credit Card
ORD01566,CUST0361,2023-04-22,Completed,PayPal
ORD01567,CUST0162,2024-12-14,Completed,Apple Pay
ORD01568,CUST0372,2024-03-08,Completed,Debit Card
ORD01569,CUST0207,2024-11-27,Completed,PayPal
ORD01570,CUST0331,2024-03-05,Processing,PayPal
ORD01571,CUST0299,2024-01-23,Cancelled,Apple Pay
ORD01572,CUST0442,2024-06-04,Completed,Apple Pay
ORD01574,CUST0490,2024-01-03,Completed,PayPal
ORD01575,CUST0437,2024-07-05,Completed,Apple Pay
ORD01576,CUST0431,2024-04-30,Shipped,Debit Card
ORD01577,CUST0405,2024-10-28,Completed,PayPal
ORD01578,CUST0165,2024-04-10,Completed,Debit Card
ORD01579,CUST0041,2023-12-06,Processing,Debit Card
ORD01580,CUST0374,2024-12-22,Completed,Apple Pay
ORD01581,CUST0030,2023-03-22,Shipped,PayPal
ORD01582,CUST0356,2024-07-17,Completed,Apple Pay
ORD01583,CUST0339,2023-06-10,Cancelled,Apple Pay
ORD01584,CUST0372,2024-10-11,Completed,PayPal
ORD01585,CUST0347,2023-11-06,Completed,Apple Pay
ORD01586,CUST0269,2022-09-16,Completed,Credit Card
ORD01587,CUST0273,2024-05-15,Processing,Apple Pay
ORD01588,CUST0369,2024-06-24,Completed,PayPal
ORD01589,CUST0310,2024-02-26,Completed,Debit Card
ORD01590,CUST0333,2024-08-10,Shipped,Credit Card
ORD01591,CUST0305,2024-07-12,Completed,PayPal
ORD01592,CUST0392,2024-07-04,Completed,Debit Card
ORD01593,CUST0332,2024-12-10,Processing,Apple Pay
ORD01594,CUST0047,2022-06-17,Completed,Apple Pay
ORD01595,CUST0362,2024-10-11,Completed,Debit Card
ORD01596,CUST0316,2024-05-07,Completed,Apple Pay
ORD01598,CUST0260,2024-09-11,Cancelled,Credit Card
ORD01600,CUST0026,2024-11-09,Completed,PayPal
ORD01601,CUST0254,2024-05-15,Completed,Credit Card
ORD01602,CUST0447,2024-08-24,Completed,Debit Card
ORD01604,CUST0461,2024-06-28,Completed,Credit Card
ORD01605,CUST0008,2024-09-16,Cancelled,Debit Card
ORD01607,CUST0457,2024-12-23,Shipped,Credit Card
ORD01608,CUST0144,2023-12-10,Cancelled,Apple Pay
ORD01609,CUST0209,2024-09-19,Completed,PayPal
ORD01610,CUST0258,2023-08-22,Completed,PayPal
ORD01611,CUST0346,2023-07-18,Completed,Credit Card
ORD01612,CUST0245,2024-08-15,Shipped,Apple Pay
ORD01613,CUST0051,2024-08-16,Cancelled,Apple Pay
ORD01614,CUST0057,2024-05-11,Cancelled,PayPal
ORD01615,CUST0146,2023-10-29,Completed,Credit Card
ORD01616,CUST0294,2024-02-10,Completed,Debit Card
ORD01617,CUST0201,2024-07-26,Completed,Apple Pay
ORD01618,CUST0007,2023-01-15,Completed,Debit Card
ORD01619,CUST0286,2024-10-26,Cancelled,Apple Pay
ORD01620,CUST0048,2024-09-30,Completed,PayPal
ORD01621,CUST0010,2023-10-08,Completed,PayPal
ORD01622,CUST0369,2024-09-25,Completed,Apple Pay
ORD01623,CUST0370,2024-12-17,Shipped,Credit Card
ORD01624,CUST0170,2023-06-22,Cancelled,Apple Pay
ORD01625,CUST0440,2023-06-02,Completed,Apple Pay
ORD01626,CUST0208,2022-04-29,Completed,Debit Card
ORD01627,CUST0378,2024-02-24,Completed,Debit Card
ORD01628,CUST0203,2024-11-14,Cancelled,Credit Card
ORD01630,CUST0245,2024-08-14,Cancelled,PayPal
ORD01631,CUST0034,2024-12-11,Cancelled,PayPal
ORD01632,CUST0087,2024-01-14,Processing,PayPal
ORD01633,CUST0116,2023-09-20,Completed,Apple Pay
ORD01634,CUST0102,2024-02-14,Completed,Debit Card
ORD01635,CUST0193,2024-07-28,Completed,PayPal
ORD01636,CUST0495,2024-08-27,Processing,Credit Card
ORD01637,CUST0370,2024-12-22,Completed,PayPal
ORD01638,CUST0021,2024-04-18,Shipped,Debit Card
ORD01639,CUST0134,2024-12-30,Shipped,Apple Pay
ORD01640,CUST0203,2024-10-31,Completed,Credit Card
ORD01641,CUST0280,2024-09-13,Completed,Credit Card
ORD01642,CUST0297,2022-06-27,Shipped,Credit Card
ORD01643,CUST0144,2024-03-27,Completed,Credit Card
ORD01644,CUST0387,2024-03-14,Shipped,Debit Card
ORD01645,CUST0284,2024-01-16,Completed,PayPal
ORD01646,CUST0354,2023-06-08,Completed,Apple Pay
ORD01647,CUST0043,2024-11-14,Completed,Credit Card
ORD01648,CUST0033,2024-11-19,Shipped,PayPal
ORD01649,CUST0465,2024-04-04,Completed,Debit Card
ORD01650,CUST0449,2024-11-01,Completed,PayPal
ORD01652,CUST0075,2024-12-29,Completed,Debit Card
ORD01653,CUST0096,2023-07-01,Completed,Apple Pay
ORD01654,CUST0495,2024-01-28,Shipped,Apple Pay
ORD01657,CUST0305,2024-08-22,Completed,Apple Pay
ORD01658,CUST0291,2024-11-14,Shipped,Debit Card
ORD01659,CUST0441,2024-06-13,Completed,Credit Card
ORD01660,CUST0096,2024-09-11,Completed,Credit Card
ORD01661,CUST0053,2024-04-03,Cancelled,Credit Card
ORD01662,CUST0132,2024-10-22,Completed,PayPal
ORD01663,CUST0363,2024-06-28,Completed,PayPal
ORD01664,CUST0458,2024-05-05,Completed,PayPal
ORD01665,CUST0355,2023-08-30,Shipped,Credit Card
ORD01666,CUST0426,2024-01-13,Completed,Credit Card
ORD01667,CUST0079,2024-12-21,Shipped,Apple Pay
ORD01668,CUST0030,2022-11-26,Completed,Debit Card
ORD01670,CUST0229,2024-04-27,Completed,Debit Card
ORD01671,CUST0443,2024-12-14,Completed,Apple Pay
ORD01672,CUST0235,2023-08-14,Cancelled,Credit Card
ORD01673,CUST0318,2024-10-18,Completed,PayPal
ORD01674,CUST0332,2024-12-03,Cancelled,Credit Card
ORD01675,CUST0249,2024-03-31,Completed,Credit Card
ORD01676,CUST0262,2023-06-14,Processing,Debit Card
ORD01677,CUST0306,2024-03-10,Completed,Apple Pay
ORD01679,CUST0212,2024-06-25,Shipped,Credit Card
ORD01680,CUST0128,2022-11-12,Shipped,Credit Card
ORD01681,CUST0251,2024-04-24,Cancelled,Credit Card
ORD01682,CUST0290,2024-05-22,Cancelled,Credit Card
ORD01683,CUST0450,2024-04-09,Completed,Credit Card
ORD01684,CUST0096,2024-03-08,Completed,PayPal
ORD01685,CUST0301,2024-09-20,Completed,Credit Card
ORD01686,CUST0239,2024-10-12,Completed,Apple Pay
ORD01687,CUST0473,2024-11-04,Cancelled,Debit Card
ORD01689,CUST0039,2024-12-28,Shipped,Apple Pay
ORD01690,CUST0356,2024-10-07,Shipped,Debit Card
ORD01692,CUST0239,2024-01-20,Processing,Credit Card
ORD01693,CUST0407,2024-08-31,Completed,Credit Card
ORD01694,CUST0288,2024-07-29,Cancelled,PayPal
ORD01695,CUST0397,2023-08-04,Cancelled,Debit Card
ORD01696,CUST0044,2023-12-11,Completed,Apple Pay
ORD01697,CUST0368,2024-09-03,Cancelled,Credit Card
ORD01699,CUST0314,2024-06-25,Cancelled,Credit Card
ORD01700,CUST0321,2024-01-05,Cancelled,Apple Pay
ORD01701,CUST0149,2023-02-01,Completed,PayPal
ORD01702,CUST0186,2022-02-17,Completed,Credit Card
ORD01703,CUST0089,2023-03-02,Processing,Apple Pay
ORD01704,CUST0473,2024-10-04,Completed,PayPal
ORD01705,CUST0347,2022-09-29,Completed,Apple Pay
ORD01706,CUST0178,2024-06-30,Completed,PayPal
ORD01708,CUST0233,2023-08-30,Cancelled,Credit Card
ORD01709,CUST0476,2023-03-01,Completed,Apple Pay
ORD01710,CUST0339,2022-09-21,Completed,Apple Pay
ORD01711,CUST0274,2023-03-11,Completed,Apple Pay
ORD01712,CUST0027,2023-07-04,Cancelled,Apple Pay
ORD01713,CUST0268,2024-09-28,Processing,Debit Card
ORD01714,CUST0096,2023-07-20,Processing,PayPal
ORD01715,CUST0260,2022-10-28,Processing,Debit Card
ORD01716,CUST0413,2024-10-12,Completed,Apple Pay
ORD01718,CUST0423,2024-12-08,Cancelled,PayPal
ORD01719,CUST0255,2022-11-03,Processing,Apple Pay
ORD01720,CUST0467,2022-08-26,Completed,Credit Card
ORD01721,CUST0379,2024-09-02,Shipped,PayPal
ORD01722,CUST0271,2024-09-09,Completed,PayPal
ORD01723,CUST0134,2024-12-31,Shipped,Apple Pay
ORD01724,CUST0467,2023-07-25,Completed,Debit Card
ORD01725,CUST0269,2024-10-18,Completed,Debit Card
ORD01726,CUST0128,2023-04-14,Shipped,Debit Card
ORD01727,CUST0307,2023-04-07,Shipped,Debit Card
ORD01728,CUST0304,2024-07-06,Completed,Debit Card
ORD01729,CUST0171,2024-12-11,Processing,Credit Card
ORD01730,CUST0312,2024-08-23,Shipped,Credit Card
ORD01731,CUST0137,2023-12-23,Shipped,PayPal
ORD01732,CUST0171,2024-12-11,Completed,PayPal
ORD01733,CUST0314,2023-01-05,Completed,Credit Card
ORD01734,CUST0269,2024-01-08,Cancelled,Credit Card
ORD01735,CUST0123,2023-08-30,Completed,Apple Pay
ORD01736,CUST0274,2024-05-15,Completed,Debit Card
ORD01737,CUST0265,2023-01-28,Completed,Apple Pay
ORD01738,CUST0042,2024-03-14,Completed,Credit Card
ORD01739,CUST0362,2024-07-28,Completed,Apple Pay
ORD01740,CUST0395,2024-08-25,Shipped,Apple Pay
ORD01741,CUST0448,2024-08-24,Completed,Debit Card
ORD01742,CUST0033,2023-05-07,Cancelled,Apple Pay
ORD01743,CUST0033,2024-06-26,Processing,Credit Card
ORD01744,CUST0223,2024-05-25,Shipped,Apple Pay
ORD01745,CUST0157,2024-12-23,Completed,PayPal
ORD01746,CUST0163,2024-10-24,Shipped,PayPal
ORD01747,CUST0078,2024-07-06,Cancelled,Debit Card
ORD01749,CUST0421,2024-10-29,Completed,Apple Pay
ORD01750,CUST0226,2024-05-11,Cancelled,PayPal
ORD01752,CUST0030,2023-03-08,Cancelled,Credit Card
ORD01753,CUST0165,2024-11-08,Completed,Debit Card
ORD01754,CUST0128,2022-09-23,Completed,Credit Card
ORD01756,CUST0408,2024-12-04,Completed,PayPal
ORD01758,CUST0090,2023-08-29,Processing,Apple Pay
ORD01759,CUST0460,2024-07-22,Completed,Credit Card
ORD01760,CUST0449,2024-02-09,Completed,Apple Pay
ORD01761,CUST0162,2024-12-05,Cancelled,Apple Pay
ORD01762,CUST0417,2024-02-07,Shipped,Credit Card
ORD01763,CUST0181,2023-04-22,Completed,Apple Pay
ORD01764,CUST0355,2024-06-19,Completed,Apple Pay
ORD01765,CUST0013,2023-08-17,Cancelled,PayPal
ORD01766,CUST0313,2023-12-18,Cancelled,Credit Card
ORD01767,CUST0147,2024-07-12,Shipped,Debit Card
ORD01768,CUST0089,2024-06-26,Completed,Credit Card
ORD01769,CUST0267,2024-10-23,Completed,Debit Card
ORD01770,CUST0474,2024-01-17,Completed,Apple Pay
ORD01771,CUST0031,2023-12-20,Cancelled,Credit Card
ORD01772,CUST0309,2024-04-14,Completed,Debit Card
ORD01773,CUST0225,2023-10-23,Completed,Credit Card
ORD01774,CUST0244,2024-06-25,Processing,Debit Card
ORD01775,CUST0130,2024-02-20,Completed,PayPal
ORD01777,CUST0452,2023-07-10,Completed,Debit Card
ORD01778,CUST0116,2022-02-18,Shipped,Credit Card
ORD01780,CUST0091,2022-04-07,Processing,Apple Pay
ORD01781,CUST0119,2024-12-28,Processing,Apple Pay
ORD01782,CUST0421,2024-09-13,Completed,Apple Pay
ORD01783,CUST0243,2024-10-05,Shipped,PayPal
ORD01784,CUST0114,2024-05-26,Completed,Debit Card
ORD01785,CUST0116,2024-04-19,Shipped,Credit Card
ORD01786,CUST0055,2023-09-25,Completed,Apple Pay
ORD01787,CUST0417,2024-07-26,Processing,Debit Card
ORD01788,CUST0104,2024-03-25,Processing,Credit Card
ORD01789,CUST0004,2024-01-20,Completed,Apple Pay
ORD01790,CUST0014,2024-12-02,Completed,Credit Card
ORD01791,CUST0494,2023-09-13,Completed,Debit Card
ORD01792,CUST0459,2024-09-01,Cancelled,Credit Card
ORD01793,CUST0441,2024-06-10,Completed,Credit Card
ORD01794,CUST0448,2024-03-11,Completed,Credit Card
ORD01795,CUST0176,2023-10-03,Shipped,PayPal
ORD01796,CUST0247,2024-09-02,Completed,Apple Pay
ORD01797,CUST0029,2024-08-26,Processing,Apple Pay
ORD01798,CUST0070,2024-12-09,Completed,PayPal
ORD01799,CUST0398,2024-09-18,Cancelled,Apple Pay
ORD01800,CUST0242,2024-03-20,Completed,Credit Card
ORD01801,CUST0295,2023-10-22,Completed,Credit Card
ORD01802,CUST0396,2023-03-17,Completed,Credit Card
ORD01803,CUST0281,2024-10-08,Completed,Credit Card
ORD01804,CUST0371,2024-03-20,Processing,PayPal
ORD01805,CUST0472,2024-03-01,Completed,Credit Card
ORD01807,CUST0240,2024-10-09,Shipped,Credit Card
ORD01808,CUST0064,2024-11-08,Completed,Credit Card
ORD01809,CUST0037,2023-11-14,Shipped,Credit Card
ORD01810,CUST0287,2024-12-10,Shipped,Debit Card
ORD01812,CUST0467,2023-10-02,Completed,Apple Pay
ORD01813,CUST0210,2023-07-12,Completed,Debit Card
ORD01814,CUST0028,2024-10-16,Processing,Credit Card
ORD01815,CUST0137,2024-01-02,Completed,Apple Pay
ORD01816,CUST0425,2024-09-27,Completed,PayPal
ORD01817,CUST0350,2024-01-14,Completed,Apple Pay
ORD01818,CUST0223,2024-09-19,Shipped,Debit Card
ORD01819,CUST0444,2024-09-25,Cancelled,Credit Card
ORD01820,CUST0493,2024-02-18,Completed,Credit Card
ORD01821,CUST0002,2024-08-01,Processing,PayPal
ORD01822,CUST0027,2024-12-17,Shipped,Credit Card
ORD01823,CUST0281,2024-12-14,Completed,Apple Pay
ORD01824,CUST0116,2024-04-14,Completed,Apple Pay
ORD01825,CUST0306,2024-09-06,Completed,Apple Pay
ORD01826,CUST0051,2024-08-24,Shipped,Debit Card
ORD01827,CUST0258,2023-05-18,Cancelled,PayPal
ORD01828,CUST0054,2022-11-15,Cancelled,PayPal
ORD01829,CUST0011,2023-03-04,Completed,Debit Card
ORD01830,CUST0371,2023-04-30,Completed,PayPal
ORD01831,CUST0304,2024-06-09,Cancelled,Apple Pay
ORD01832,CUST0342,2023-06-16,Completed,PayPal
ORD01833,CUST0136,2024-12-18,Processing,Apple Pay
ORD01834,CUST0102,2024-07-26,Completed,Apple Pay
ORD01835,CUST0276,2023-06-14,Shipped,Apple Pay
ORD01836,CUST0121,2024-12-30,Completed,Credit Card
ORD01838,CUST0145,2024-05-28,Shipped,Credit Card
ORD01839,CUST0138,2024-08-05,Shipped,Debit Card
ORD01840,CUST0167,2024-02-25,Completed,PayPal
ORD01841,CUST0379,2023-09-10,Completed,Credit Card
ORD01842,CUST0162,2024-07-31,Cancelled,Apple Pay
ORD01843,CUST0489,2024-08-29,Completed,Credit Card
ORD01844,CUST0017,2024-09-08,Shipped,Credit Card
ORD01845,CUST0273,2024-09-27,Completed,Debit Card
ORD01846,CUST0175,2024-12-23,Cancelled,Apple Pay
ORD01847,CUST0446,2024-09-23,Completed,Apple Pay
ORD01848,CUST0373,2024-07-18,Shipped,PayPal
ORD01850,CUST0072,2024-12-02,Completed,Apple Pay
ORD01851,CUST0115,2024-06-27,Completed,Credit Card
ORD01852,CUST0212,2024-11-19,Completed,Credit Card
ORD01853,CUST0041,2024-12-01,Shipped,Apple Pay
ORD01854,CUST0272,2024-05-16,Completed,Apple Pay
ORD01855,CUST0337,2024-08-20,Completed,PayPal
ORD01856,CUST0052,2024-10-23,Cancelled,Debit Card
ORD01857,CUST0220,2024-08-23,Completed,PayPal
ORD01858,CUST0126,2024-01-09,Completed,Apple Pay
ORD01859,CUST0080,2024-05-24,Shipped,Debit Card
ORD01860,CUST0282,2024-01-06,Completed,PayPal
ORD01861,CUST0483,2024-10-22,Completed,Credit Card
ORD01864,CUST0070,2023-10-30,Completed,Credit Card
ORD01865,CUST0012,2024-02-13,Completed,Debit Card
ORD01866,CUST0478,2024-03-15,Processing,Debit Card
ORD01867,CUST0467,2024-06-17,Completed,Credit Card
ORD01868,CUST0289,2024-08-30,Completed,Debit Card
ORD01869,CUST0183,2024-05-16,Processing,Apple Pay
ORD01870,CUST0297,2023-02-10,Cancelled,PayPal
ORD01871,CUST0358,2024-12-29,Cancelled,Apple Pay
ORD01872,CUST0194,2024-06-26,Completed,PayPal
ORD01873,CUST0324,2023-11-19,Processing,Credit Card
ORD01874,CUST0363,2024-01-31,Shipped,Debit Card
ORD01876,CUST0238,2024-01-03,Completed,Credit Card
ORD01877,CUST0255,2024-06-11,Cancelled,Apple Pay
ORD01878,CUST0154,2024-07-24,Processing,PayPal
ORD01879,CUST0103,2023-10-28,Cancelled,Credit Card
ORD01880,CUST0326,2024-09-06,Processing,Credit Card
ORD01881,CUST0006,2023-10-30,Cancelled,Credit Card
ORD01882,CUST0265,2024-11-02,Shipped,PayPal
ORD01883,CUST0126,2023-05-30,Completed,Apple Pay
ORD01884,CUST0238,2024-11-28,Completed,Apple Pay
ORD01885,CUST0362,2022-10-27,Completed,Credit Card
ORD01886,CUST0222,2023-11-08,Processing,PayPal
ORD01887,CUST0283,2022-06-18,Completed,Debit Card
ORD01888,CUST0269,2024-06-03,Cancelled,PayPal
ORD01889,CUST0071,2024-11-06,Completed,PayPal
ORD01890,CUST0219,2024-11-11,Completed,Apple Pay
ORD01892,CUST0328,2024-11-29,Cancelled,Credit Card
ORD01893,CUST0073,2023-11-25,Completed,Debit Card
ORD01894,CUST0276,2023-08-04,Completed,Debit Card
ORD01895,CUST0006,2023-06-24,Completed,Apple Pay
ORD01896,CUST0019,2023-09-05,Cancelled,Credit Card
ORD01897,CUST0458,2024-04-30,Completed,Credit Card
ORD01898,CUST0492,2024-11-30,Cancelled,Apple Pay
ORD01899,CUST0447,2024-12-10,Completed,PayPal
ORD01900,CUST0111,2024-03-26,Completed,Credit Card
ORD01901,CUST0414,2024-01-23,Completed,Credit Card
ORD01902,CUST0300,2022-10-06,Cancelled,Apple Pay
ORD01903,CUST0478,2023-01-27,Completed,Credit Card
ORD01904,CUST0318,2024-10-12,Shipped,Credit Card
ORD01906,CUST0347,2022-09-12,Completed,PayPal
ORD01907,CUST0226,2024-02-09,Completed,Debit Card
ORD01908,CUST0267,2024-04-02,Cancelled,PayPal
ORD01910,CUST0044,2023-10-27,Processing,Debit Card
ORD01911,CUST0357,2024-09-22,Completed,Apple Pay
ORD01912,CUST0397,2023-02-11,Completed,PayPal
ORD01913,CUST0208,2024-05-29,Completed,Credit Card
ORD01914,CUST0154,2023-11-13,Completed,Credit Card
ORD01915,CUST0211,2024-11-07,Processing,PayPal
ORD01916,CUST0304,2024-04-21,Completed,PayPal
ORD01917,CUST0003,2024-12-11,Completed,Apple Pay
ORD01918,CUST0176,2024-10-04,Completed,PayPal
ORD01920,CUST0019,2024-01-14,Completed,Apple Pay
ORD01922,CUST0192,2024-11-11,Processing,PayPal
ORD01924,CUST0043,2024-10-05,Cancelled,Debit Card
ORD01925,CUST0027,2024-05-31,Cancelled,Debit Card
ORD01926,CUST0281,2024-09-29,Processing,Credit Card
ORD01927,CUST0470,2024-12-20,Cancelled,Credit Card
ORD01928,CUST0144,2024-11-16,Cancelled,Apple Pay
ORD01929,CUST0255,2024-08-06,Shipped,Credit Card
ORD01930,CUST0094,2023-11-27,Completed,Debit Card
ORD01931,CUST0015,2023-05-26,Completed,Credit Card
ORD01932,CUST0498,2024-06-12,Processing,Credit Card
ORD01933,CUST0088,2024-09-28,Completed,Debit Card
ORD01934,CUST0070,2024-08-16,Completed,Debit Card
ORD01935,CUST0266,2024-12-06,Completed,PayPal
ORD01936,CUST0309,2024-08-11,Cancelled,Credit Card
ORD01937,CUST0327,2024-01-09,Processing,Debit Card
ORD01938,CUST0434,2024-12-25,Processing,Apple Pay
ORD01939,CUST0137,2024-06-05,Processing,PayPal
ORD01940,CUST0046,2023-10-07,Completed,Debit Card
ORD01941,CUST0224,2024-09-09,Completed,Debit Card
ORD01942,CUST0289,2023-07-07,Cancelled,Apple Pay
ORD01943,CUST0008,2024-06-25,Cancelled,Debit Card
ORD01944,CUST0052,2023-03-12,Shipped,Credit Card
ORD01945,CUST0050,2024-04-12,Cancelled,Credit Card
ORD01946,CUST0083,2022-09-09,Shipped,Debit Card
ORD01948,CUST0331,2024-06-23,Completed,Debit Card
ORD01949,CUST0094,2024-07-10,Completed,Debit Card
ORD01950,CUST0361,2023-07-15,Completed,PayPal
ORD01951,CUST0322,2024-08-07,Completed,Credit Card
ORD01952,CUST0480,2024-12-17,Completed,Apple Pay
ORD01953,CUST0128,2023-11-11,Shipped,Credit Card
ORD01955,CUST0148,2023-08-03,Completed,PayPal
ORD01956,CUST0131,2023-10-04,Completed,Apple Pay
ORD01957,CUST0041,2024-06-03,Completed,Apple Pay
ORD01958,CUST0184,2024-01-25,Cancelled,Credit Card
ORD01959,CUST0498,2023-08-17,Completed,Apple Pay
ORD01960,CUST0076,2024-09-10,Cancelled,Apple Pay
ORD01961,CUST0164,2022-10-21,Completed,PayPal
ORD01962,CUST0179,2024-02-21,Processing,PayPal
ORD01963,CUST0284,2024-07-11,Cancelled,PayPal
ORD01964,CUST0081,2023-06-21,Completed,Credit Card
ORD01965,CUST0387,2022-11-21,Cancelled,PayPal
ORD01966,CUST0399,2024-11-13,Cancelled,Apple Pay
ORD01967,CUST0028,2024-08-24,Completed,Credit Card
ORD01968,CUST0314,2024-09-05,Completed,Credit Card
ORD01969,CUST0196,2024-12-05,Completed,Apple Pay
ORD01971,CUST0149,2024-09-01,Completed,Credit Card
ORD01972,CUST0016,2024-12-12,Completed,Credit Card
ORD01973,CUST0150,2024-10-18,Completed,Debit Card
ORD01974,CUST0094,2024-09-17,Cancelled,PayPal
ORD01975,CUST0250,2024-05-30,Completed,Debit Card
ORD01976,CUST0339,2023-09-05,Shipped,PayPal
ORD01977,CUST0248,2023-04-17,Cancelled,PayPal
ORD01978,CUST0352,2024-04-12,Processing,PayPal
ORD01979,CUST0441,2024-03-03,Cancelled,Credit Card
ORD01980,CUST0035,2024-11-27,Completed,Apple Pay
ORD01981,CUST0205,2024-02-27,Processing,PayPal
ORD01982,CUST0156,2024-12-07,Processing,Debit Card
ORD01983,CUST0268,2024-11-25,Completed,Credit Card
ORD01984,CUST0175,2023-10-17,Shipped,Debit Card
ORD01985,CUST0007,2023-10-28,Cancelled,Debit Card
ORD01986,CUST0486,2024-04-14,Shipped,PayPal
ORD01987,CUST0491,2024-02-26,Processing,PayPal
ORD01988,CUST0045,2023-11-19,Completed,Credit Card
ORD01989,CUST0495,2024-03-16,Completed,Credit Card
ORD01990,CUST0445,2024-08-15,Completed,Apple Pay
ORD01991,CUST0412,2022-07-08,Completed,PayPal
ORD01992,CUST0266,2024-10-23,Completed,Apple Pay
ORD01993,CUST0157,2024-12-26,Completed,PayPal
ORD01994,CUST0265,2024-03-20,Processing,Debit Card
ORD01995,CUST0474,2022-10-13,Processing,Apple Pay
ORD01997,CUST0038,2022-12-05,Shipped,Credit Card
ORD01998,CUST0166,2024-09-19,Completed,Credit Card
ORD01999,CUST0463,2024-09-13,Completed,Credit Card
ORD02000,CUST0441,2024-01-05,Cancelled,PayPal
